player_name,team,gsis_id
Aaron Rodgers,PIT,00-0023459
Nick Folk,ATL,00-0025565
J.J. Jansen,CAR,00-0026027
Joe Flacco,CIN,00-0026158
Calais Campbell,BAL,00-0026190
Josh Johnson,CIN,00-0026300
Matthew Stafford,LA,00-0026498
Jon Weeks,SF,00-0027224
Morgan Cox,TEN,00-0027557
Trent Williams,SF,00-0027857
Von Miller,DAL,00-0027940
Cameron Jordan,NO,00-0027962
Cameron Heyward,PIT,00-0027969
Andy Dalton,PHI,00-0027973
Tyrod Taylor,GB,00-0028118
Nick Bellore,WAS,00-0028292
Josh Harris,LAC,00-0028845
Case Keenum,CHI,00-0028986
Kirk Cousins,LV,00-0029604
Harrison Smith,MIN,00-0029606
Demario Davis,NYJ,00-0029607
Greg Van Roten,NE,00-0029685
Bryan Anger,DAL,00-0029692
Andrew DePaola,MIN,00-0029714
Kyle Juszczyk,SF,00-0029892
Adam Thielen,MIN,00-0030035
John Jenkins,BAL,00-0030070
Sam Martin,CAR,00-0030092
David Quessenberry,LA,00-0030097
Tress Way,WAS,00-0030140
Keenan Allen,IND,00-0030279
Tony Jefferson,LAC,00-0030294
Travis Kelce,KC,00-0030506
Lane Johnson,PHI,00-0030561
Geno Smith,NYJ,00-0030565
James Winchester,KC,00-0030615
Casey Kreiter,ARI,00-0030957
Khalil Mack,LAC,00-0031040
Chris Boswell,PIT,00-0031136
Tyler Ott,WAS,00-0031156
Cairo Santos,CHI,00-0031203
Odell Beckham Jr.,NYG,00-0031235
Teddy Bridgewater,DET,00-0031237
Shelby Harris,NYG,00-0031270
Jake Matthews,ATL,00-0031279
Morgan Moses,NE,00-0031330
Kyle Van Noy,MIN,00-0031360
Jadeveon Clowney,HOU,00-0031364
Davante Adams,LA,00-0031381
Aaron Donald,LA,00-0031388
Mike Evans,SF,00-0031408
DeMarcus Lawrence,SEA,00-0031411
Chris Manhertz,NYG,00-0031484
Jason Myers,SEA,00-0031492
Jameis Winston,NYG,00-0031503
Shaq Thompson,BUF,00-0031550
Danielle Hunter,HOU,00-0031565
Za'Darius Smith,ATL,00-0031576
Grady Jarrett,CHI,00-0031583
Stefon Diggs,WAS,00-0031588
Michael Burton,CLE,00-0031595
Darren Waller,CAR,00-0031610
Bobby Hart,SEA,00-0031622
Alex Singleton,DEN,00-0031898
Kendall Lamm,BAL,00-0031921
Leonard Williams,SEA,00-0031933
Rakeem Nunez-Roches,TB,00-0031957
Dante Fowler Jr.,SEA,00-0032052
Bradley Pinion,MIA,00-0032065
Trent Brown,HOU,00-0032071
Denzel Perryman,LAC,00-0032103
Ameer Abdullah,JAX,00-0032104
Bud Dupree,LAC,00-0032146
Arik Armstead,JAX,00-0032164
D.J. Humphries,WAS,00-0032222
Joe Cardona,LA,00-0032228
Laken Tomlinson,DAL,00-0032234
Mario Edwards,HOU,00-0032265
Marcus Mariota,WAS,00-0032268
DeForest Buckner,IND,00-0032378
Laremy Tunsil,WAS,00-0032380
Jarran Reed,SEA,00-0032387
Joe Thuney,CHI,00-0032391
Austin Hooper,ATL,00-0032392
Nick Vannett,BAL,00-0032394
Chris Moore,BAL,00-0032398
Miles Killebrew,TB,00-0032399
DJ Reader,NYG,00-0032424
Ted Karras,CIN,00-0032445
Kalif Raymond,CHI,00-0032464
Reid Ferguson,BUF,00-0032497
Wil Lutz,DEN,00-0032569
Jonathan Jones,PHI,00-0032580
Roy Robertson-Harris,NYG,00-0032667
Jake Brendel,SF,00-0032701
Ka'imi Fairbairn,HOU,00-0032726
Luke Rhodes,IND,00-0032753
Sheldon Rankins,HOU,00-0032759
Chris Jones,KC,00-0032762
Derrick Henry,BAL,00-0032764
Demarcus Robinson,SF,00-0032775
A'Shawn Robinson,TB,00-0032889
C.J. Ham,MIN,00-0032918
Riley Dixon,TB,00-0032943
Carson Wentz,MIN,00-0032950
Laquon Treadwell,IND,00-0032951
Isaac Seumalo,ARI,00-0032954
Ronnie Stanley,BAL,00-0032965
Eric Murray,JAX,00-0033038
Jihad Ward,MIN,00-0033046
David Onyemata,NYJ,00-0033051
Jalen Ramsey,PIT,00-0033055
Zach Wood,NO,00-0033063
Andrew Billings,ARI,00-0033066
Emmanuel Ogbah,KC,00-0033073
Dak Prescott,DAL,00-0033077
Hunter Henry,NE,00-0033090
Jonathan Bullard,DAL,00-0033093
Jared Goff,DET,00-0033106
Javon Hargrave,GB,00-0033109
Tyler Higbee,LA,00-0033110
Jacoby Brissett,ARI,00-0033119
Kenny Clark,DAL,00-0033120
Maliek Collins,CLE,00-0033131
Kevin Byard,NE,00-0033132
Mo Alie-Cox,IND,00-0033217
Johnny Mundt,PHI,00-0033246
Thomas Hennessy,NYJ,00-0033260
Rigoberto Sanchez,IND,00-0033269
Christian McCaffrey,SF,00-0033280
Marlon Humphrey,BAL,00-0033281
Taylor Moton,CAR,00-0033284
George Kittle,SF,00-0033288
Jermaine Eluemunor,NYG,00-0033290
Aaron Jones,MIN,00-0033293
Chuck Clark,DET,00-0033294
D.J. Jones,DEN,00-0033297
Harrison Butker,KC,00-0033303
Kendrick Bourne,ARI,00-0033307
Nick Mullens,JAX,00-0033319
Eric Wilson,MIN,00-0033336
Josh Tupou,NYG,00-0033347
Tim Patrick,NYJ,00-0033375
Patrick Ricard,NYG,00-0033376
Adam Butler,LV,00-0033381
Pharaoh Brown,IND,00-0033439
Jonathan Allen,CIN,00-0033523
Samaje Perine,CIN,00-0033526
Deshaun Watson,CLE,00-0033537
Garett Bolles,DEN,00-0033538
Dalvin Tomlinson,LAC,00-0033546
Chidobe Awuzie,BAL,00-0033548
Rasul Douglas,WAS,00-0033551
James Conner,ARI,00-0033553
Mack Hollins,NE,00-0033555
Eric Saubert,SEA,00-0033576
Xavier Woods,CHI,00-0033579
David Moore,CAR,00-0033589
Cooper Rush,ATL,00-0033662
Elijah Wilkinson,ARI,00-0033676
Cameron Johnston,PIT,00-0033729
Storm Norton,ATL,00-0033752
Robert Tonyan,PIT,00-0033757
Ahkello Witherspoon,WAS,00-0033783
Jake Elliott,PHI,00-0033787
Corey Levin,ATL,00-0033793
Andrew Wylie,WAS,00-0033831
Dare Ogunbowale,LV,00-0033854
Jonnu Smith,GB,00-0033858
Davon Godchaux,NO,00-0033860
Myles Garrett,LA,00-0033868
Mitchell Trubisky,TEN,00-0033869
Solomon Thomas,TEN,00-0033870
Jamal Adams,MIN,00-0033872
Patrick Mahomes,KC,00-0033873
Derek Barnett,CLE,00-0033876
Malik Hooker,DAL,00-0033877
Evan Engram,DEN,00-0033881
David Njoku,LAC,00-0033885
T.J. Watt,PIT,00-0033886
Budda Baker,ARI,00-0033890
Ethan Pocic,BAL,00-0033901
Tanoh Kpassagnon,TEN,00-0033902
Dion Dawkins,BUF,00-0033904
Alvin Kamara,NO,00-0033906
Cooper Kupp,SEA,00-0033908
Dan Feeney,TB,00-0033910
Alex Anzalone,TB,00-0033914
Fabian Moreau,WAS,00-0033918
Chris Godwin Jr.,TB,00-0033921
Jourdan Lewis,JAX,00-0033928
Trey Hendrickson,BAL,00-0033935
Rayshawn Jenkins,PIT,00-0033941
Samson Ebukam,ATL,00-0033945
Deatrich Wise,WAS,00-0033947
Joshua Dobbs,DET,00-0033949
Grover Stewart,IND,00-0033952
Jeremy McNichols,WAS,00-0033955
Al-Quadin Muhammad,TB,00-0033964
Christian Kuntz,PIT,00-0034051
Scott Daly,GB,00-0034067
George Odum,HOU,00-0034091
Austin Schlottmann,TEN,00-0034112
Coleman Shelton,LA,00-0034114
Brian O'Neill,MIN,00-0034158
Michael Dickson,SEA,00-0034160
Daniel Carlson,NO,00-0034161
J.K. Scott,LAC,00-0034162
Jacob Martin,TEN,00-0034163
Eddy Pineiro,SF,00-0034173
Trent Sieg,DAL,00-0034198
Poona Ford,LA,00-0034234
Elijah Campbell,NYG,00-0034248
Austin Corbett,BUF,00-0034261
Jalyn Holmes,TEN,00-0034264
Tyler Conklin,DET,00-0034270
Foley Fatukasi,LV,00-0034275
DeShon Elliott,PIT,00-0034277
Tremon Smith,HOU,00-0034278
Zach Sieler,MIA,00-0034285
Frankie Luvu,WAS,00-0034302
Kentavius Street,CHI,00-0034320
Daron Payne,WAS,00-0034333
Quenton Nelson,IND,00-0034342
Marcus Davenport,CHI,00-0034344
Courtland Sutton,DEN,00-0034348
Uchenna Nwosu,SEA,00-0034350
Dallas Goedert,PHI,00-0034351
M.J. Stewart,HOU,00-0034355
Donte Jackson,LAC,00-0034356
Isaiah Oliver,TEN,00-0034357
Justin Reid,NO,00-0034361
Ian Thomas,LV,00-0034365
Da'Shawn Hand,ATL,00-0034371
Dorance Armstrong,WAS,00-0034373
Taron Johnson,LV,00-0034376
Avonte Maddox,DET,00-0034377
Josh Sweat,ARI,00-0034381
Dalton Schultz,HOU,00-0034383
D.J. Reed,DET,00-0034384
Siran Neal,SF,00-0034391
Tim Settle,WAS,00-0034397
Wyatt Teller,HOU,00-0034399
Ray-Ray McCloud,CHI,00-0034407
Foye Oluokun,JAX,00-0034413
Matt Pryor,ARI,00-0034417
Braxton Berrios,NYG,00-0034419
Jordan Mailata,PHI,00-0034429
Zaire Franklin,GB,00-0034431
Logan Cooke,JAX,00-0034437
Jalen Davis,CIN,00-0034446
Jeremy Reaves,WAS,00-0034465
Dennis Gardeck,JAX,00-0034473
Jonathan Owens,IND,00-0034485
Trent Sherfield,BUF,00-0034487
Tavierre Thomas,MIN,00-0034488
Evan Brown,HOU,00-0034495
Trent Scott,WAS,00-0034571
Charvarius Ward,IND,00-0034573
Kyle Allen,BUF,00-0034577
Tanner Hudson,CIN,00-0034613
Mike Ford,ATL,00-0034639
Matt Dickerson,JAX,00-0034657
Aaron Stinnie,NYG,00-0034668
Tremaine Edmunds,NYG,00-0034673
Jessie Bates,ATL,00-0034675
Robert Spillane,NE,00-0034720
Corey Bojorquez,CLE,00-0034721
Orlando Brown,CIN,00-0034752
Mark Andrews,BAL,00-0034753
Oren Burks,CIN,00-0034754
Kolton Miller,LV,00-0034759
Nathan Shepherd,NO,00-0034760
Chukwuma Okorafor,NYJ,00-0034768
Mason Rudolph,PIT,00-0034771
Vita Vea,TB,00-0034773
Christian Kirk,SF,00-0034775
Carlton Davis III,NE,00-0034778
Ronnie Harrison,MIA,00-0034779
Isaac Yiadom,WAS,00-0034780
Harrison Phillips,NYJ,00-0034782
Minkah Fitzpatrick,NYJ,00-0034789
Derwin James,LAC,00-0034790
Jason Sanders,NYJ,00-0034794
Lamar Jackson,BAL,00-0034796
Durham Smythe,BAL,00-0034798
B.J. Hill,CIN,00-0034800
Josh Woods,ATL,00-0034801
John Franklin-Myers,TEN,00-0034805
Ogbo Okoronkwo,SF,00-0034807
Sebastian Joseph-Day,PIT,00-0034810
Fred Warner,SF,00-0034815
Geron Christian,JAX,00-0034817
Arden Key,IND,00-0034825
DJ Moore,BUF,00-0034827
Harold Landry III,NE,00-0034828
Mike Gesicki,CIN,00-0034829
Bradley Chubb,BUF,00-0034832
Braden Smith,HOU,00-0034836
Calvin Ridley,TEN,00-0034837
Mike Hughes,ATL,00-0034843
Saquon Barkley,PHI,00-0034844
Mike McGlinchey,DEN,00-0034847
KhaDarel Hodge,SF,00-0034854
Baker Mayfield,TB,00-0034855
Denzel Ward,CLE,00-0034856
Josh Allen,BUF,00-0034857
Sam Darnold,SEA,00-0034869
Roquan Smith,BAL,00-0034874
Mitch Wishnowsky,NE,00-0034941
Fred Johnson,PHI,00-0034951
Andrew Beck,NYJ,00-0034959
Jakobi Meyers,JAX,00-0034960
D'Angelo Ross,CLE,00-0034966
Rashan Gary,DAL,00-0034967
Maxx Crosby,LV,00-0034973
Julian Love,SEA,00-0034974
Justice Hill,BAL,00-0034975
Ben Powers,DEN,00-0034978
Foster Moreau,HOU,00-0034981
Dre Greenlaw,SF,00-0034982
E.J. Speed,HOU,00-0034987
Justin Skule,TB,00-0034989
Marcus Epps,PHI,00-0034993
Demetrius Flannigan-Fowles,BUF,00-0035020
Ashton Dulin,IND,00-0035021
Kevin Givens,SF,00-0035026
Stephen Carlson,CHI,00-0035039
D.J. Montgomery,IND,00-0035045
Sam Mustipher,JAX,00-0035062
Patrick Mekari,JAX,00-0035112
Matthew Orzech,GB,00-0035118
Alec Ingold,LAC,00-0035125
Andre James,TEN,00-0035127
Keisean Nixon,GB,00-0035133
Mack Wilson,ARI,00-0035144
Nick Allegretti,WAS,00-0035149
Jack Fox,DET,00-0035156
Azeez Al-Shaair,HOU,00-0035166
AJ Cole,LV,00-0035190
Joey Slye,TEN,00-0035192
Del'Shawn Phillips,LAC,00-0035202
Olamide Zaccheaus,ATL,00-0035208
P.J. Locke,DAL,00-0035227
Kyler Murray,MIN,00-0035228
T.J. Hockenson,MIN,00-0035229
Ed Oliver,BUF,00-0035230
Tytus Howard,CLE,00-0035234
Kaleb McGary,ATL,00-0035235
Byron Murphy,MIN,00-0035236
Jawaan Taylor,ATL,00-0035237
Sean Murphy-Bunting,TB,00-0035239
Jahlani Tavai,JAX,00-0035240
Erik McCoy,NO,00-0035242
Zach Allen,DEN,00-0035248
Josh Oliver,MIN,00-0035249
Devin Singletary,NYG,00-0035250
Will Grier,CAR,00-0035251
C.J. Gardner-Johnson,BUF,00-0035253
Anthony Nelson,TB,00-0035254
Hjalte Froholdt,ARI,00-0035258
Tony Pollard,TEN,00-0035261
Drue Tranquill,KC,00-0035262
Jarrett Stidham,DEN,00-0035264
Matt Gay,LV,00-0035269
Amani Oruwariye,BAL,00-0035270
Andrew Van Ginkel,MIN,00-0035272
Blake Cashman,MIN,00-0035276
Mike Jackson,CAR,00-0035277
Byron Cowart,WAS,00-0035278
Charles Omenihu,WAS,00-0035279
Jake Bailey,ATL,00-0035280
Easton Stick,TB,00-0035282
Cole Holcomb,PIT,00-0035286
Gardner Minshew,ARI,00-0035289
Scott Miller,CHI,00-0035298
Kaden Elliss,NO,00-0035316
Joshua Miles,LV,00-0035317
Chris Myarick,LV,00-0035345
Tyrel Dodson,CAR,00-0035352
Blake Hance,LA,00-0035355
Cam Lewis,CHI,00-0035357
Chase McLaughlin,TB,00-0035358
David Sills,TB,00-0035359
Joe Giles-Harris,CIN,00-0035363
Andrew Wingard,ARI,00-0035378
T.J. Edwards,CHI,00-0035386
Carl Granderson,NO,00-0035402
Lil'Jordan Humphrey,DEN,00-0035406
Nick Moore,BAL,00-0035408
Shy Tuttle,WAS,00-0035409
Luke Gifford,SF,00-0035413
Greg Dortch,BUF,00-0035500
Devin Bush,CHI,00-0035525
Elgton Jenkins,CLE,00-0035526
Darius Slayton,NYG,00-0035535
Ty Johnson,BUF,00-0035537
Tom Kennedy,DET,00-0035544
Craig Reynolds,WAS,00-0035567
Garrett Bradbury,CHI,00-0035588
Gary Jennings,LAC,00-0035589
Travis Homer,PIT,00-0035594
Alex Bachman,LA,00-0035602
Troy Reeder,NYJ,00-0035617
Chris Lindstrom,ATL,00-0035630
Drew Sample,CIN,00-0035631
Amani Hooker,TEN,00-0035632
L.J. Collier,ARI,00-0035636
Rock Ya-Sin,DET,00-0035637
Parris Campbell,DAL,00-0035639
DK Metcalf,PIT,00-0035640
Josh Hines-Allen,JAX,00-0035642
Jeffery Simmons,TEN,00-0035643
Noah Fant,NO,00-0035644
Gunner Olszewski,NYG,00-0035645
Montez Sweat,CHI,00-0035647
Terry McLaurin,WAS,00-0035659
Marquise Brown,PHI,00-0035662
Taylor Rapp,DEN,00-0035663
David Long,NO,00-0035665
Greg Gaines,BUF,00-0035667
David Edwards,NO,00-0035668
Nick Scott,CAR,00-0035669
Cody Barton,TEN,00-0035672
Jerry Tillery,IND,00-0035674
A.J. Brown,NE,00-0035676
Dre'Mont Jones,NE,00-0035678
Connor McGovern,BUF,00-0035679
Quincy Williams,CLE,00-0035680
Dexter Lawrence,CIN,00-0035683
David Montgomery,HOU,00-0035685
Michael Deiter,DEN,00-0035686
Bobby Okereke,CAR,00-0035687
Trey Pipkins,LAC,00-0035688
Dawson Knox,BUF,00-0035689
Clelin Ferrell,MIA,00-0035692
Chuma Edoga,BAL,00-0035698
Jamel Dean,PIT,00-0035699
Josh Jacobs,GB,00-0035700
Dalton Risner,CIN,00-0035702
Drew Lock,SEA,00-0035704
Jalen Thompson,DAL,00-0035705
Devin White,DET,00-0035707
Daniel Jones,IND,00-0035710
Brian Burns,NYG,00-0035713
Nick Bosa,SF,00-0035717
Quinnen Williams,DAL,00-0035718
Deebo Samuel Sr.,SF,00-0035719
Brett Toth,SF,00-0035743
Malcolm Roach,DEN,00-0035763
Calvin Throckmorton,DEN,00-0035764
James Pierre,MIN,00-0035795
Corliss Waitman,SF,00-0035821
Ross Matiscik,JAX,00-0035827
Austen Pleasants,SF,00-0035829
Chris Williams,CLE,00-0035857
Blake Gillikin,ARI,00-0035859
Tommy Townsend,TEN,00-0035889
Tershawn Wharton,CAR,00-0035890
Cody White,LV,00-0035891
Joe Bachie,DET,00-0035895
Cole Christiansen,KC,00-0035900
Jonathan Ward,BAL,00-0035924
Michael Hoecht,BUF,00-0035933
Christian Rozeboom,TB,00-0035942
Jonah Williams,NO,00-0035944
Trystan Colon,JAX,00-0035992
Tyler Huntley,BAL,00-0035993
Julian Good-Jones,WAS,00-0035997
Salvon Ahmed,CHI,00-0036020
Terence Steele,DAL,00-0036036
Sam Franklin Jr.,BUF,00-0036037
Juwan Johnson,NO,00-0036040
Cam Gill,CAR,00-0036045
Broderick Washington,BAL,00-0036081
Liam McCullough,ATL,00-0036082
Myles Bryant,CLE,00-0036087
Bill Murray,LA,00-0036093
Nick Leverett,DAL,00-0036105
A.J. Green,MIA,00-0036114
Khalil Dorsey,DET,00-0036124
Nnamdi Madubuike,BAL,00-0036130
Ben Bredeson,TB,00-0036132
Rico Dowdle,PIT,00-0036139
Kristian Welch,GB,00-0036157
J.K. Dobbins,DEN,00-0036158
Joshua Uche,MIA,00-0036159
Tyler Bass,BUF,00-0036162
Dane Jackson,JAX,00-0036166
Aaron Brewer,MIA,00-0036171
Teair Tart,LAC,00-0036181
Nick Westbrook-Ikhine,IND,00-0036182
Reggie Gilliam,NE,00-0036187
A.J. Epenesa,PHI,00-0036192
Anfernee Jennings,NO,00-0036193
Mike Onwenu,NE,00-0036198
Geno Stone,BUF,00-0036199
LaCale London,ATL,00-0036204
Tua Tagovailoa,ATL,00-0036212
Danny Pinter,BAL,00-0036215
Derrick Brown,CAR,00-0036220
Brandon Jones,DEN,00-0036221
Isaiah Rodgers,MIN,00-0036222
Jonathan Taylor,IND,00-0036223
Jonathan Greenard,PHI,00-0036224
Kyle Dugger,CIN,00-0036231
Larrell Murchison,LA,00-0036237
Jonathan Garvin,CHI,00-0036239
Bryce Hall,HOU,00-0036241
Colby Parkinson,LA,00-0036244
Jon Runyan,NYG,00-0036246
Austin Jackson,MIA,00-0036248
Julian Okwara,CLE,00-0036249
Michael Pittman,PIT,00-0036252
Julian Blackmon,NO,00-0036253
Colton McKivitz,SF,00-0036256
Jonah Jackson,CHI,00-0036258
Jauan Jennings,MIN,00-0036259
Javon Kinlaw,WAS,00-0036260
DaVon Hamilton,JAX,00-0036262
Jordan Love,GB,00-0036264
AJ Dillon,CAR,00-0036265
Jordan Elliott,TEN,00-0036266
Jedrick Wills,BUF,00-0036267
Ben Bartch,DET,00-0036272
D'Andre Swift,CHI,00-0036275
Malik Harrison,NYG,00-0036280
C.J. Henderson,ATL,00-0036281
Grant Delpit,CLE,00-0036282
A.J. Terrell,ATL,00-0036285
K'Lavon Chaisson,WAS,00-0036286
Noah Igbinoghene,CLE,00-0036287
Cole Kmet,CHI,00-0036290
Jaylon Johnson,CHI,00-0036292
Jeremy Chinn,LV,00-0036293
Matt Hennessy,DAL,00-0036295
Akeem Davis-Gaither,IND,00-0036298
Mykal Walker,NYJ,00-0036300
Jaylinn Hawkins,BAL,00-0036302
Trevis Gipson,CAR,00-0036305
Daniel Thomas,CLE,00-0036306
Kindle Vildor,NE,00-0036307
Darnell Mooney,NYG,00-0036309
Hakeem Adeniji,BAL,00-0036310
Braden Mann,PHI,00-0036313
Chase Young,NO,00-0036321
Patrick Queen,PIT,00-0036323
Robert Hunt,CAR,00-0036325
Ezra Cleveland,JAX,00-0036327
Ashtyn Davis,SF,00-0036329
Devin Duvernay,ARI,00-0036331
Alex Highsmith,PIT,00-0036333
D.J. Wonnum,DET,00-0036335
James Lynch,CHI,00-0036337
Troy Dye,LAC,00-0036338
Kevin Dotson,LA,00-0036339
Khalid Kareem,SF,00-0036341
K.J. Osborn,TEN,00-0036345
Blake Brandel,MIN,00-0036347
Josh Metellus,MIN,00-0036348
Kam Curl,LA,00-0036349
Kyle Hinton,ATL,00-0036354
Justin Herbert,LAC,00-0036355
Isaiah Simmons,CAR,00-0036356
CeeDee Lamb,DAL,00-0036358
Trevon Diggs,SEA,00-0036361
Willie Gay Jr.,MIA,00-0036362
Josh Jones,SEA,00-0036363
Neville Gallimore,CHI,00-0036366
John Simpson,BAL,00-0036369
L'Jarius Sneed,KC,00-0036374
Amik Robertson,WAS,00-0036375
Tyler Biadasz,LAC,00-0036376
Michael Danna,BUF,00-0036378
Alohi Gilman,KC,00-0036380
Andrew Thomas,NYG,00-0036386
Jalen Reagor,MIA,00-0036387
Xavier McKinney,GB,00-0036388
Jalen Hurts,PHI,00-0036389
Lloyd Cushenberry III,BUF,00-0036391
Matt Peart,DEN,00-0036392
Darnay Holmes,ATL,00-0036394
K'Von Wallace,BAL,00-0036395
Jack Driscoll,PIT,00-0036396
Tristan Wirfs,TB,00-0036406
Jerry Jeudy,CLE,00-0036407
Cesar Ruiz,NO,00-0036408
Jordyn Brooks,MIA,00-0036409
Tee Higgins,CIN,00-0036410
Antoine Winfield Jr.,TB,00-0036411
Van Jefferson,WAS,00-0036415
Kristian Fulton,KC,00-0036416
Damien Lewis,CAR,00-0036417
Zack Baun,PHI,00-0036418
Terrell Burgess,TEN,00-0036421
Adam Trautman,DEN,00-0036422
Albert Okwuegbunam,LV,00-0036423
DeeJay Dallas,MIN,00-0036425
Justin Strnad,DEN,00-0036428
Charlie Woerner,ATL,00-0036429
Joe Burrow,CIN,00-0036442
Rex Sunahara,CLE,00-0036443
Isaac Alarcon,SF,00-0036448
Chris Blair,ATL,00-0036463
Kwity Paye,LV,00-0036479
Dayo Odeyingbo,CHI,00-0036480
Will Fries,MIN,00-0036483
Tarik Black,DET,00-0036491
Tim Jones,JAX,00-0036497
Jamien Sherwood,NYJ,00-0036500
Michael Carter II,PHI,00-0036501
Jason Pinnock,NYG,00-0036502
Brandin Echols,PIT,00-0036504
Milo Eifler,TEN,00-0036511
Shane Zylstra,NE,00-0036534
Will Sherman,NO,00-0036535
Rashod Bateman,BAL,00-0036550
Aaron Banks,GB,00-0036551
Azeez Ojulari,LV,00-0036552
Nico Collins,HOU,00-0036554
Chuba Hubbard,CAR,00-0036555
Brevin Jordan,HOU,00-0036556
Jaylon Moore,KC,00-0036557
Deommodore Lenoir,SF,00-0036563
Talanoa Hufanga,DEN,00-0036564
Roy Lopez,ARI,00-0036568
Foster Sarell,SF,00-0036584
Ar'Darius Washington,NYG,00-0036587
Quintin Morris,JAX,00-0036590
Alaric Jackson,LA,00-0036603
Jordan Meredith,NYJ,00-0036604
Max Pircher,HOU,00-0036605
Jaylen Waddle,DEN,00-0036613
Christian Darrisaw,MIN,00-0036616
Asante Samuel Jr.,PIT,00-0036617
Sam Cosmi,WAS,00-0036618
Dillon Radunz,NO,00-0036619
Nick Bolton,KC,00-0036621
Josh Myers,NYJ,00-0036622
Creed Humphrey,KC,00-0036623
Alim McNeill,DET,00-0036624
Benjamin St-Juste,GB,00-0036625
Dyami Brown,WAS,00-0036626
John Bates,WAS,00-0036628
Camryn Bynum,IND,00-0036629
Tylan Wallace,CLE,00-0036630
Tony Fields II,CHI,00-0036634
Ihmir Smith-Marsette,ARI,00-0036635
Noah Gray,KC,00-0036637
Darrick Forrest,SF,00-0036638
Tedarrell Slaton,CIN,00-0036642
K.J. Britt,NE,00-0036643
Cameron McGrone,LV,00-0036644
Simi Fehoko,ARI,00-0036646
Cornell Powell,PIT,00-0036647
Nick Niemann,GB,00-0036648
Stone Forsythe,CAR,00-0036653
Cole Van Lanen,JAX,00-0036655
Isaiah McDuffie,GB,00-0036658
Trey Smith,KC,00-0036660
Jermar Jefferson,MIN,00-0036670
Grant Stuard,LA,00-0036672
Zayne Anderson,MIA,00-0036677
Shane Buechele,BUF,00-0036679
Malik Herring,MIA,00-0036682
Devon Key,DEN,00-0036683
Naquan Jones,MIN,00-0036695
Sam Kamara,CLE,00-0036705
Amen Ogbongbemiga,DET,00-0036716
Adam Prentice,DEN,00-0036727
Curtis Robinson,DAL,00-0036728
Kayode Awosika,LAC,00-0036736
Brock Wright,DET,00-0036754
Brandon Smith,PIT,00-0036775
Ryan McCollum,PIT,00-0036783
Jack Heflin,NYJ,00-0036788
Jake Curhan,CAR,00-0036795
Christian Elliss,NE,00-0036813
Riley Patterson,MIA,00-0036816
Feleipe Franks,CAR,00-0036825
Ryan Neuzil,ATL,00-0036833
Austin Trammell,JAX,00-0036841
Kene Nwangwu,NYJ,00-0036842
Garret Wallow,SF,00-0036844
Tutu Atwell,LA,00-0036849
Cameron Sample,ATL,00-0036850
Evan McPherson,CIN,00-0036854
Jimmy Morrissey,IND,00-0036859
Ben Skowronek,PIT,00-0036862
James Hudson,TEN,00-0036866
Chris Rumph II,NO,00-0036867
Dan Moore Jr.,TEN,00-0036869
Buddy Johnson,CHI,00-0036870
Nate Hobbs,SF,00-0036871
Joshuah Bledsoe,WAS,00-0036872
Pat Surtain II,DEN,00-0036874
Rhamondre Stevenson,NE,00-0036875
Kylen Granson,TEN,00-0036876
Sam Ehlinger,DEN,00-0036879
Penei Sewell,DET,00-0036880
Tommy Togiai,HOU,00-0036883
Tre Brown,NYJ,00-0036885
Luke Farrell,SF,00-0036887
Damar Hamlin,BUF,00-0036888
Najee Harris,NYG,00-0036893
Pat Freiermuth,PIT,00-0036894
Victor Dimukeje,SF,00-0036896
Davis Mills,HOU,00-0036898
Ja'Marr Chase,CIN,00-0036900
Eric Stokes,LV,00-0036901
Joseph Ossai,NYJ,00-0036902
Bobby Brown III,CAR,00-0036903
Larry Borom,DET,00-0036905
Khyiris Tonga,KC,00-0036909
DeVonta Smith,PHI,00-0036912
Greg Rousseau,BUF,00-0036914
Jeremiah Owusu-Koramoah,CLE,00-0036915
Milton Williams,NE,00-0036916
Zech McPhearson,LA,00-0036917
Kenny Gainwell,TB,00-0036919
Patrick Johnson,LV,00-0036922
Michael Carter,TEN,00-0036924
Payton Turner,DET,00-0036926
Pete Werner,NO,00-0036927
Micah Parsons,GB,00-0036932
Zaven Collins,ARI,00-0036933
Jaelan Phillips,CAR,00-0036934
Paulson Adebo,NYG,00-0036937
Odafe Oweh,WAS,00-0036940
Andre Cisco,NYJ,00-0036941
Osa Odighizuwa,SF,00-0036942
Mitchell Fraboni,DEN,00-0036943
Jaycee Horn,CAR,00-0036944
Justin Fields,KC,00-0036945
Jonathon Cooper,DEN,00-0036952
Teven Jenkins,CLE,00-0036953
Levi Onwuzurike,DET,00-0036954
Darren Hall,ATL,00-0036956
Michael Bandy,DEN,00-0036959
Tre'von Moehrig,CAR,00-0036962
Amon-Ra St. Brown,DET,00-0036963
Derrick Barnes,DET,00-0036964
Joe Tryon,PHI,00-0036967
Brady Christensen,CAR,00-0036968
Kyle Pitts,ATL,00-0036970
Trevor Lawrence,JAX,00-0036971
Mac Jones,SF,00-0036972
Travis Etienne,NO,00-0036973
Tyson Campbell,CLE,00-0036974
Walker Little,JAX,00-0036975
Spencer Brown,BUF,00-0036976
Alijah Vera-Tucker,NE,00-0036979
Elijah Moore,PHI,00-0036980
Christian Barmore,NE,00-0036981
Chauncey Golston,NYG,00-0036982
Kendrick Green,CLE,00-0036983
Trey Sermon,ATL,00-0036984
Robert Hainsey,JAX,00-0036985
Nahshon Wright,NYJ,00-0036986
Brandon Stephens,NYJ,00-0036987
Josh Palmer,BUF,00-0036988
Malcolm Koonce,LV,00-0036989
Divine Deablo,ATL,00-0036990
Elijah Molden,LAC,00-0036992
Ifeatu Melifonwu,TB,00-0036993
Ernest Jones,SEA,00-0036994
Baron Browning,ARI,00-0036995
Greg Newsome II,NYG,00-0036996
Javonte Williams,DAL,00-0036997
Jevon Holland,NYG,00-0036998
Quinn Meinerz,DEN,00-0037001
Landon Dickerson,PHI,00-0037002
Chazz Surratt,SEA,00-0037003
Hunter Long,ARI,00-0037004
Tommy Tremble,CAR,00-0037005
Patrick Jones II,CAR,00-0037007
Rashawn Slater,LAC,00-0037009
Tre' McKitty,WAS,00-0037011
Trey Lance,LAC,00-0037012
Zach Wilson,NO,00-0037013
Nikola Kalinic,CHI,00-0037031
Dee Alford,BUF,00-0037034
Roy Mbaeteka,IND,00-0037040
Elijah Garcia,DAL,00-0037051
Lance McCutcheon,TEN,00-0037055
Keir Thomas,LA,00-0037057
Jordan Davis,PHI,00-0037073
Quay Walker,LV,00-0037074
Devonte Wyatt,GB,00-0037075
Sean Rhyan,GB,00-0037076
Sam Howell,DAL,00-0037077
Cole Turner,MIA,00-0037078
Riq Woolen,PHI,00-0037079
Tyreke Smith,KC,00-0037080
Braxton Jones,CHI,00-0037081
Dominique Robinson,HOU,00-0037082
Kingsley Enagbare,NYJ,00-0037083
Tyler Badie,DEN,00-0037085
Grant Calcaterra,PHI,00-0037086
Bo Melton,GB,00-0037091
Chris Paul,WAS,00-0037092
Dareke Young,LV,00-0037093
Jonathan Ford,GB,00-0037094
Elijah Hicks,CHI,00-0037096
Samori Toure,PHI,00-0037098
Jack Sanborn,CHI,00-0037109
Jake Tonges,SF,00-0037112
Tyler Goodson,ATL,00-0037120
Josh Blackwell,CHI,00-0037129
Reed Blankenship,HOU,00-0037130
Britain Covey,PHI,00-0037132
Mario Goodrich,TEN,00-0037136
Josh Jobe,SEA,00-0037137
Josh Sills,IND,00-0037138
Joey Blount,ARI,00-0037141
Tony Adams,TEN,00-0037155
Irvin Charles,SEA,00-0037156
Bam Knight,ARI,00-0037157
Jeremiah Moon,CAR,00-0037179
Josh Ross,MIN,00-0037184
Sauce Gardner,IND,00-0037190
Trent McDuffie,LA,00-0037191
George Karlaftis,KC,00-0037192
Bryan Cook,CIN,00-0037193
Darian Kinnard,NYG,00-0037194
Jaylen Watson,LA,00-0037195
Rasheed Walker,CAR,00-0037196
Isiah Pacheco,DET,00-0037197
LaBryan Ray,CAR,00-0037203
Brenden Schooler,NE,00-0037205
Mike Caliendo,KC,00-0037207
Jack Cochrane,KC,00-0037208
Cameron Dicker,LAC,00-0037224
Chris Glaser,DAL,00-0037225
Jaylen Warren,PIT,00-0037228
Ikem Ekwonu,CAR,00-0037229
Israel Antwine,DEN,00-0037230
Kevin Austin Jr.,NO,00-0037231
Travon Walker,JAX,00-0037235
Aidan Hutchinson,DET,00-0037236
Derek Stingley Jr.,HOU,00-0037237
Drake London,ATL,00-0037238
Chris Olave,NO,00-0037239
Jameson Williams,DET,00-0037240
Trevor Penning,LAC,00-0037241
Kaiir Elam,LAC,00-0037242
Tyler Smith,DAL,00-0037243
Devin Lloyd,CAR,00-0037244
Jalen Pitre,HOU,00-0037246
George Pickens,DAL,00-0037247
James Cook,BUF,00-0037248
Nik Bonitto,DEN,00-0037249
Martin Emerson,NO,00-0037250
Alex Wright,CLE,00-0037251
Greg Dulcich,MIA,00-0037252
Marcus Jones,NE,00-0037253
Terrel Bernard,BUF,00-0037254
Dylan Parham,NYJ,00-0037255
Rachaad White,WAS,00-0037256
Dameon Pierce,PHI,00-0037258
Micah McFadden,NYG,00-0037259
D.J. Davidson,WAS,00-0037260
Khalil Shakir,BUF,00-0037261
Thomas Booker,LV,00-0037262
Tyler Allgeier,ARI,00-0037263
Matt Waletzko,KC,00-0037266
Zyon McCollum,TB,00-0037268
Otito Ogbonnia,DAL,00-0037270
D'Marco Jackson,CHI,00-0037271
Esezi Otomewo,PIT,00-0037274
DaRon Bland,DAL,00-0037275
Ty Chandler,NO,00-0037276
Teagan Quitoriano,ARI,00-0037277
Luke Wattenberg,DEN,00-0037278
Damone Clark,DET,00-0037281
James Mitchell,DAL,00-0037282
John Ridgeway,NO,00-0037283
Matt Araiza,KC,00-0037284
Vederian Lowe,SF,00-0037287
Christian Benford,BUF,00-0037288
Malcolm Rodriguez,DET,00-0037289
Jalen Nailor,LV,00-0037291
Andrew Ogletree,IND,00-0037292
Jordan Jackson,DEN,00-0037294
Cade Mays,DET,00-0037297
Theo Jackson,MIN,00-0037301
Austin Deculus,TEN,00-0037302
Matt Henningsen,DEN,00-0037303
Connor Heyward,LV,00-0037304
Luke Tenuta,IND,00-0037305
Ja'Sir Taylor,CIN,00-0037307
James Houston,DAL,00-0037310
Ko Kieft,TB,00-0037311
Chance Campbell,PHI,00-0037312
Montaric Brown,JAX,00-0037313
Nick Muse,ATL,00-0037317
Deane Leonard,LAC,00-0037320
Rodney Thomas,SEA,00-0037323
Chris Oladokun,KC,00-0037324
Skylar Thompson,BAL,00-0037327
Brittain Brown,CHI,00-0037329
D'Anthony Bell,SEA,00-0037332
Brock Hoffman,PIT,00-0037336
Zaire Mitchell-Paden,HOU,00-0037340
Kellen Diesch,SEA,00-0037349
Kader Kohou,KC,00-0037353
Ben Stille,DET,00-0037356
Arron Mosby,GB,00-0037364
Kaden Davis,CHI,00-0037380
Sebastian Gutierrez,DAL,00-0037381
Brandon Johnson,PIT,00-0037382
Ja'Quan McMillian,DEN,00-0037384
Michael Niese,DET,00-0037385
Dallis Flowers,CHI,00-0037395
Ryan Van Demark,MIN,00-0037404
Jashaun Corbin,DAL,00-0037410
Ben Brown,NE,00-0037413
Devin Cochran,DET,00-0037414
Kendric Pryor,CIN,00-0037422
Alec Anderson,BUF,00-0037428
Kingsley Jonathan,NYJ,00-0037431
Jake Hansen,HOU,00-0037457
Tristin McCollum,LV,00-0037461
Raheem Layne,NYG,00-0037468
Stone Smartt,NO,00-0037475
Dylan Cook,PIT,00-0037480
Deven Thompkins,LV,00-0037487
Mike Brown,NE,00-0037493
Ryan Wright,NO,00-0037500
Sincere McCormick,SF,00-0037509
Isaiah Pola-Mao,LV,00-0037512
Qwuantrezz Knight,WAS,00-0037522
Tay Martin,DET,00-0037524
Jordan Mason,MIN,00-0037525
Marcelino McCrary-Ball,NYJ,00-0037526
Segun Olubi,LV,00-0037527
Lucas Krull,DEN,00-0037539
Nephi Sewell,CHI,00-0037544
Rashid Shaheed,SEA,00-0037545
Daniel Whelan,GB,00-0037547
Darrell Baker Jr.,MIA,00-0037549
Ronnie Rivers,LA,00-0037557
Markquese Bell,DAL,00-0037561
Malik Davis,DAL,00-0037563
Dennis Houston,TB,00-0037570
Timmy Horne,TEN,00-0037585
Nate Landman,LA,00-0037587
Julius Chestnut,TEN,00-0037594
Jack Gibbens,ARI,00-0037596
Xavier Newman-Johnson,NYJ,00-0037601
Sam Okuayinonu,SF,00-0037602
Kayvon Thibodeaux,NYG,00-0037611
Evan Neal,LV,00-0037612
John Metchie III,CAR,00-0037614
Nakobe Dean,LV,00-0037615
Nick Cross,WAS,00-0037616
Hassan Haskins,NE,00-0037617
Zach Thomas,TEN,00-0037618
Andrew Stueber,ATL,00-0037620
Jacob Hummel,HOU,00-0037633
Ja'Marcus Ingram,HOU,00-0037661
Jermaine Johnson II,TEN,00-0037663
Alec Pierce,IND,00-0037664
Sam Williams,CLE,00-0037665
Jalen Tolbert,MIA,00-0037666
Kerby Joseph,DET,00-0037667
Tucker Addington,MIA,00-0037686
Brandon Aubrey,DAL,00-0037692
Maurice Alexander,CHI,00-0037708
Jeremiah Pharms Jr.,NE,00-0037711
Garrett Wilson,NYJ,00-0037740
Jahan Dotson,ATL,00-0037741
Treylon Burks,WAS,00-0037742
Daxton Hill,CIN,00-0037743
Trey McBride,ARI,00-0037744
Velus Jones Jr.,SEA,00-0037745
Brian Robinson,ATL,00-0037746
Marquis Hayes,NYJ,00-0037748
Tycen Anderson,DEN,00-0037752
Cam Taylor-Britt,IND,00-0037753
Nicholas Petit-Frere,WAS,00-0037754
Jelani Woods,NYJ,00-0037755
Travis Jones,BAL,00-0037756
Bernhard Raimann,IND,00-0037757
Cordale Flott,TEN,00-0037758
Dondrea Tillman,DEN,00-0037799
KaVontae Turpin,DAL,00-0037801
Zachary Carter,ARI,00-0037804
Jeremy Ruckert,NYJ,00-0037805
Joshua Ezeudu,KC,00-0037807
DeAngelo Malone,ATL,00-0037808
Chig Okonkwo,WAS,00-0037809
Abraham Lucas,SEA,00-0037812
Luke Fortner,CAR,00-0037814
Cameron Thomas,ATL,00-0037815
Romeo Doubs,NE,00-0037816
Zach Bako-Bewele,GB,00-0037817
Zion Johnson,CLE,00-0037818
Leo Chenal,WAS,00-0037819
Charles Cross,SEA,00-0037821
Christian Harris,ATL,00-0037823
Tyler Linderbaum,LV,00-0037825
Drake Jackson,WAS,00-0037826
Danny Gray,PHI,00-0037828
Spencer Burford,LV,00-0037829
Samuel Womack,NYJ,00-0037830
Nick Zakelj,SF,00-0037831
Kalia Davis,CLE,00-0037832
Brock Purdy,SF,00-0037834
Luke Goedeke,TB,00-0037835
Calvin Austin III,NYG,00-0037837
Isaiah Likely,NYG,00-0037838
Cobie Durant,DAL,00-0037839
Kyren Williams,LA,00-0037840
Quentin Lake,LA,00-0037841
Derion Kendrick,DAL,00-0037842
Daniel Hardy,CHI,00-0037843
Russ Yeast,CIN,00-0037844
A.J. Arcuri,BAL,00-0037845
Pepe Williams,TB,00-0037984
Kyle Hamilton,BAL,00-0038038
Jack Jones,SF,00-0038039
Zamir White,NO,00-0038040
Jake Ferguson,DAL,00-0038041
Joshua Williams,TEN,00-0038043
Charlie Kolar,LAC,00-0038046
Skyy Moore,GB,00-0038090
JT Woods,NYG,00-0038091
Erik Ezukanma,PHI,00-0038092
Jordan Stout,NYG,00-0038094
Pierre Strong,GB,00-0038098
Phidarian Mathis,BUF,00-0038099
Percy Butler,WAS,00-0038100
Akayleb Evans,CAR,00-0038101
Kenny Pickett,CAR,00-0038102
Cole Strange,LAC,00-0038103
Tyquan Thornton,KC,00-0038104
Damarri Mathis,CLE,00-0038105
Eyioma Uwazurike,DEN,00-0038106
Micheal Clemons,IND,00-0038107
Bailey Zappe,NYJ,00-0038108
Kyler Gordon,CHI,00-0038111
Cam Jurgens,PHI,00-0038112
Max Mitchell,NYJ,00-0038114
Daniel Bellinger,TEN,00-0038115
Arnold Ebiketie,PHI,00-0038116
Wan'Dale Robinson,TEN,00-0038117
Daniel Faalele,JAX,00-0038118
Breece Hall,NYJ,00-0038120
Alontae Taylor,TEN,00-0038121
Dane Belton,NYJ,00-0038123
Christian Watson,GB,00-0038124
Roger McCreary,DET,00-0038125
Logan Hall,HOU,00-0038127
Malik Willis,MIA,00-0038128
Cade Otton,TB,00-0038129
Ed Ingram,HOU,00-0038131
Boye Mafe,CIN,00-0038133
Kenneth Walker III,KC,00-0038134
Jaquan Brisker,PIT,00-0038135
Coby Bryant,CHI,00-0038136
Adedayo Odeleye,DAL,00-0038144
Thomas Odukoya,KC,00-0038145
Lucky Jackson,DET,00-0038181
Kohl Levao,NYJ,00-0038194
Liam Fornadel,NYJ,00-0038223
Barry Wesley,NO,00-0038304
Josh Butler,DAL,00-0038348
Tanner Brown,NO,00-0038354
Xavier Smith,LA,00-0038359
Alex Ward,LV,00-0038360
Tanner Ingle,LA,00-0038366
Quindell Johnson,WAS,00-0038368
Andrew Vorhees,BAL,00-0038383
Jalen Carter,PHI,00-0038386
Colby Wooden,NO,00-0038387
Darius Rush,WAS,00-0038388
Israel Abanikanda,DAL,00-0038389
Noah Sewell,CHI,00-0038390
Sean Clifford,CIN,00-0038391
Daniel Scott,IND,00-0038392
Dontayvion Wicks,PHI,00-0038393
Will Mallory,IND,00-0038394
Terell Smith,WAS,00-0038395
Eric Gray,NYG,00-0038396
Evan Hull,ARI,00-0038397
Karl Brooks,GB,00-0038398
Zaire Barnes,NYG,00-0038399
Tanner McKee,PHI,00-0038400
Jarrick Bernard-Converse,NYG,00-0038401
Tre Hawkins III,MIN,00-0038403
Travis Bell,CLE,00-0038405
Zack Kuntz,DAL,00-0038406
Jaylon Jones,TEN,00-0038407
Carrington Valentine,GB,00-0038408
Lew Nichols III,PIT,00-0038409
Anthony Johnson,CHI,00-0038411
Moro Ojomo,PHI,00-0038412
Kendall Williamson,LAC,00-0038414
Tyson Bagent,CHI,00-0038416
Lorenz Metz,NE,00-0038426
Andre Szmyt,CLE,00-0038428
Liam Anderson,MIA,00-0038429
Zavier Scott,CHI,00-0038440
Corey Mayfield Jr.,TEN,00-0038453
Keaton Mitchell,LAC,00-0038454
Owen Wright,HOU,00-0038458
Keshawn Banks,ATL,00-0038462
Brenton Cox Jr.,GB,00-0038463
Alex Cook,LA,00-0038475
Tommy DeVito,NE,00-0038476
Dyontae Johnson,TEN,00-0038479
Brady Russell,SEA,00-0038488
Ben VanSumeren,KC,00-0038489
Jason Brownlee,KC,00-0038492
Claudin Cherelus,CAR,00-0038493
Trey Dean III,GB,00-0038494
Xavier Gipson,PHI,00-0038496
E.J. Jenkins,PHI,00-0038498
Trenton Simpson,BAL,00-0038504
Tavius Robinson,BAL,00-0038505
Jordon Riley,GB,00-0038506
Jerome Carvin,JAX,00-0038509
Cam Jones,KC,00-0038513
Truman Jones,TEN,00-0038514
Nikko Remigio,KC,00-0038519
Reese Taylor,MIA,00-0038521
Kahlef Hailassie,GB,00-0038523
DJ Johnson,WAS,00-0038535
Chandler Zavala,CAR,00-0038536
Paris Johnson Jr.,ARI,00-0038540
Tyree Wilson,NO,00-0038541
Bijan Robinson,ATL,00-0038542
Jaxon Smith-Njigba,SEA,00-0038543
Quentin Johnston,LAC,00-0038544
Mazi Smith,MIA,00-0038545
Myles Murphy,CIN,00-0038546
Luke Schoonmaker,DAL,00-0038547
O'Cyrus Torrence,BUF,00-0038548
DJ Turner II,CIN,00-0038549
Hendon Hooker,TEN,00-0038550
Kendre Miller,NO,00-0038551
Riley Moss,DEN,00-0038552
Daiyan Henley,LAC,00-0038553
Ji'Ayir Brown,SF,00-0038554
Tank Bigsby,PHI,00-0038555
DeMarvion Overshown,DAL,00-0038556
Dorian Williams,BUF,00-0038557
Darnell Washington,PIT,00-0038558
Michael Wilson,ARI,00-0038559
Jordan Battle,CIN,00-0038560
Jake Moody,BAL,00-0038562
Tre Tucker,LV,00-0038563
Cameron Latu,NE,00-0038564
Mekhi Blackmon,CLE,00-0038565
Nick Saldiveri,NO,00-0038566
Chad Ryland,ARI,00-0038567
Clark Phillips III,CHI,00-0038568
Ventrell Miller,JAX,00-0038570
Jon Gaines II,ARI,00-0038571
Derius Davis,LAC,00-0038573
Isaiah McGuire,CLE,00-0038574
Viliami Fehoko Jr.,SF,00-0038575
Charlie Jones,NYG,00-0038576
Nick Herbig,PIT,00-0038577
Jay Ward,MIN,00-0038578
Aidan O'Connell,LV,00-0038579
Yasir Abdullah,ATL,00-0038580
Cameron Mitchell,IND,00-0038585
Atonio Mafi,TEN,00-0038586
Jammie Robinson,ATL,00-0038587
Jordan Howden,NO,00-0038588
Josh Whyle,GB,00-0038589
Justin Shorter,LV,00-0038590
Mike Morris,SEA,00-0038591
Colby Sorsdal,DET,00-0038592
Olu Oluwatimi,SEA,00-0038593
Darrell Luter Jr.,LV,00-0038594
Jordan McFadden,CHI,00-0038595
Antonio Johnson,JAX,00-0038596
Chase Brown,CIN,00-0038597
Henry To'oTo'o,HOU,00-0038599
Owen Pappoe,TEN,00-0038600
Asim Richards,NO,00-0038601
Rob Beal Jr.,MIA,00-0038603
Eric Scott Jr.,DET,00-0038604
JL Skinner,DEN,00-0038605
Parker Washington,JAX,00-0038606
Kayshon Boutte,HOU,00-0038608
Luke Wypler,CLE,00-0038609
Bryce Baringer,NE,00-0038610
Chris Rodriguez Jr.,JAX,00-0038611
Jerrick Reed II,TEN,00-0038613
Scott Matlock,LAC,00-0038614
Jarrett Patterson,SF,00-0038615
Christian Braswell,JAX,00-0038616
Amari Burney,JAX,00-0038617
Xavier Hutchinson,HOU,00-0038618
Andrei Iosivas,CIN,00-0038619
Erick Hallett,TEN,00-0038620
DeMario Douglas,NE,00-0038621
Deuce Vaughn,HOU,00-0038622
Dante Stills,ARI,00-0038623
Ameer Speed,DAL,00-0038624
Dee Winters,DAL,00-0038625
DeMarcco Hellams,ATL,00-0038628
Jovaughn Gwyn,BAL,00-0038629
Nick Broeker,BUF,00-0038633
Andre Jones Jr.,BUF,00-0038635
Derek Parish,HOU,00-0038638
Jalen Brooks,ARI,00-0038640
Isaiah Bolden,PHI,00-0038641
D.J. Ivey,CIN,00-0038642
Brayden Willis,SF,00-0038643
Brandon Hill,PIT,00-0038644
Spencer Anderson,PIT,00-0038645
Alex Austin,MIA,00-0038646
Ronnie Bell,LV,00-0038647
Jalen Graham,SF,00-0038648
Alex Forsyth,DEN,00-0038649
Cory Durden,NE,00-0038653
Steven Gilmore,LA,00-0038655
Adrian Martinez,SF,00-0038658
Trevor Nowaske,DET,00-0038660
Chris Smith,DET,00-0038661
Starling Thomas V,ARI,00-0038663
Elijah Cooks,CAR,00-0038667
Jordan Mims,PHI,00-0038678
Tyrell Shavers,BUF,00-0038679
Ethan Bonner,MIA,00-0038684
Chris Brooks,GB,00-0038685
Garrett Nelson,NO,00-0038693
Brandon Pili,SEA,00-0038694
Keidron Smith,CHI,00-0038696
Kendell Brooks,TEN,00-0038703
Emari Demercado,DAL,00-0038705
Blake Whiteheart,CLE,00-0038710
Mohamoud Diabate,TEN,00-0038711
Ronnie Hickman Jr.,CLE,00-0038715
Jeremiah Martin,CHI,00-0038716
Tanner McCalister,KC,00-0038717
Julian Hill,NE,00-0038720
Ali Gaye,HOU,00-0038724
Jared Wayne,HOU,00-0038728
Kilian Zierer,JAX,00-0038729
TJ Bass,DAL,00-0038731
Princeton Fant,DAL,00-0038735
Isaiah Land,DAL,00-0038737
Hunter Luepke,DAL,00-0038738
Jalen Moreno-Cropper,NO,00-0038740
Tyrus Wheat,DAL,00-0038742
B.T. Potter,TB,00-0038748
Jake Bobo,SEA,00-0038752
Patrick O'Connell,SEA,00-0038764
Ty Okada,SEA,00-0038765
Chris Stoll,SEA,00-0038769
Ricky Lee,JAX,00-0038776
Jalen Redmond,MIN,00-0038778
Rejzohn Wright,NO,00-0038781
Eku Leota,ARI,00-0038782
Nate Adkins,DEN,00-0038783
Henry Byrd,MIN,00-0038785
Art Green,NYG,00-0038788
Thomas Incoom,CAR,00-0038791
Demontrey Jacobs,ARI,00-0038792
Jaleel McLaughlin,CLE,00-0038794
Alex Palczewski,DEN,00-0038796
Emanuel Wilson,SEA,00-0038797
Andre Carter II,LAC,00-0038801
Ivan Pace Jr.,MIN,00-0038807
Ben Sims,MIA,00-0038809
Evan Deckers,TB,00-0038817
Luke Haggard,TB,00-0038818
Christian Izien,DET,00-0038820
Kaevon Merriweather,JAX,00-0038823
Ryan Miller,MIA,00-0038824
Mitchell Tinsley,HOU,00-0038839
Brycen Tremayne,CAR,00-0038840
Nick Whiteside,DET,00-0038841
Anthony Kendall,BUF,00-0038848
Caleb Murphy,LAC,00-0038851
John Ojukwu,PHI,00-0038852
Otis Reese,BUF,00-0038853
Andrew Farmer,SF,00-0038865
AJ Finley,SEA,00-0038866
D'Shawn Jamison,ARI,00-0038877
Isaiah Winstead,PIT,00-0038883
Shaka Heyward,CIN,00-0038890
Shedrick Jackson,LV,00-0038891
Devonnsha Maxwell,ATL,00-0038893
Jacob Saylors,DET,00-0038896
Blake Grupe,NYJ,00-0038905
Anfernee Orji,NYG,00-0038908
Malik Cunningham,DET,00-0038911
Drake Thomas,SEA,00-0038922
Dalton Wagner,LV,00-0038923
Carlos Washington,MIA,00-0038930
Darnell Wright,CHI,00-0038932
Dalton Kincaid,BUF,00-0038933
Anton Harrison,JAX,00-0038934
Brenton Strange,JAX,00-0038935
Juice Scruggs,DET,00-0038936
Zacch Pickens,ATL,00-0038937
Jalin Hyatt,NYG,00-0038938
Brodric Martin,ARI,00-0038939
Tyler Lacy,DET,00-0038940
Tyler Scott,LA,00-0038941
Sean Tucker,TB,00-0038951
Dylan Drummond,ATL,00-0038953
Ekow Boye-Doe,DET,00-0038956
Markees Watts,CLE,00-0038958
Natrone Brooks,DET,00-0038966
Marvin Mims Jr.,DEN,00-0038976
Tank Dell,HOU,00-0038977
Cedric Tillman,NO,00-0038979
Zach Harrison,ATL,00-0038980
Wanya Morris,DAL,00-0038981
Chamarri Conner,KC,00-0038982
Kei'Trel Clark,ARI,00-0038984
Nic Jones,NYG,00-0038986
Jordan Addison,MIN,00-0038994
Bryan Bresee,NO,00-0038995
Tucker Kraft,GB,00-0038996
Josh Downs,IND,00-0038997
Jake Haener,NYG,00-0038998
Deonte Banks,NYG,00-0039000
Tyler Steen,PHI,00-0039001
Sydney Brown,ATL,00-0039002
Drew Sanders,DEN,00-0039003
Carter Warren,MIA,00-0039004
Felix Anudike-Uzomah,KC,00-0039006
Garrett Williams,ARI,00-0039007
Dylan Horton,HOU,00-0039009
Braeden Daniels,LV,00-0039010
Nolan Smith,PHI,00-0039013
Dawand Jones,CLE,00-0039014
Jack Campbell,DET,00-0039018
John Michael Schmitz,NYG,00-0039019
Anthony Bradford,SEA,00-0039020
Roschon Johnson,CHI,00-0039021
Joel Wilson,TEN,00-0039023
Jake Andrews,HOU,00-0039030
Adetomiwa Adebawore,IND,00-0039031
Tyjae Spears,TEN,00-0039032
Peter Skoronski,TEN,00-0039034
De'Von Achane,MIA,00-0039040
Elijah Higgins,ARI,00-0039041
Ryan Hayes,CAR,00-0039042
Derick Hall,SEA,00-0039047
Matthew Bergeron,ATL,00-0039048
SirVocea Dennis,TB,00-0039049
Payne Durham,TB,00-0039050
Josh Hayes,TB,00-0039051
Trey Palmer,NO,00-0039052
Jose Ramirez,NE,00-0039053
Marte Mapu,HOU,00-0039054
Steve Avila,LA,00-0039058
Ethan Evans,LA,00-0039059
Jason Taylor II,DET,00-0039060
Desjuan Johnson,LA,00-0039061
Jonathan Mingo,DAL,00-0039062
Calijah Kancey,TB,00-0039063
Zay Flowers,BAL,00-0039064
Sam LaPorta,DET,00-0039065
Michael Mayer,LV,00-0039066
Rashee Rice,KC,00-0039067
Yaya Diaby,TB,00-0039068
Gervon Dexter Sr.,ATL,00-0039070
Tyrique Stevenson,CHI,00-0039071
Jakorian Bennett,PHI,00-0039072
Davis Allen,LA,00-0039074
Puka Nacua,LA,00-0039075
Warren McClendon Jr.,LA,00-0039077
Stetson Bennett,LA,00-0039107
Will Anderson Jr.,HOU,00-0039108
Broderick Jones,DAL,00-0039109
Keeanu Benton,PIT,00-0039110
Tuli Tuipulotu,LAC,00-0039111
Lukas Van Ness,GB,00-0039112
Byron Young,LA,00-0039137
Kobie Turner,LA,00-0039138
Jahmyr Gibbs,DET,00-0039139
Kelee Ringo,PHI,00-0039140
Brian Branch,DET,00-0039141
Will McDonald IV,NYJ,00-0039142
Isaiah Foskey,CIN,00-0039143
Luke Musgrave,GB,00-0039144
Joe Tippmann,NYJ,00-0039145
Jayden Reed,GB,00-0039146
Christian Gonzalez,NE,00-0039147
Keion White,SF,00-0039148
Quan Martin,WAS,00-0039149
Bryce Young,CAR,00-0039150
Emmanuel Forbes,LA,00-0039151
Will Levis,TEN,00-0039152
BJ Ojulari,ARI,00-0039155
Julius Brents,MIA,00-0039156
Cody Mauch,TB,00-0039157
Blake Freeland,CIN,00-0039158
C.J. Stroud,HOU,00-0039163
Anthony Richardson,IND,00-0039164
Zach Charbonnet,SEA,00-0039165
Joey Porter Jr.,PIT,00-0039167
Devon Witherspoon,SEA,00-0039169
Jake Bates,DET,00-0039172
Chukwuebuka Godrick,MIA,00-0039174
Basil Okoye,NYG,00-0039176
David Agoha,DEN,00-0039177
Austin Ajiake,IND,00-0039178
Durell Nchami,IND,00-0039207
Charlie Smyth,NO,00-0039229
Nate Wiggins,BAL,00-0039232
Roger Rosengarten,BAL,00-0039233
T.J. Tampa,BAL,00-0039234
Johnny Wilson,PHI,00-0039236
Nick Samac,MIN,00-0039237
Kalen King,ARI,00-0039239
Beau Brade,NYG,00-0039241
Corey Bullock,CAR,00-0039242
Chris Collier,LV,00-0039244
Ryan Cooper Jr.,DET,00-0039245
Darrian Dalcourt,NE,00-0039246
Dayton Wade,BAL,00-0039259
Gottlieb Ayedze,MIA,00-0039262
McCallan Castles,GB,00-0039263
Gabe Hall,PHI,00-0039265
Kendall Milton,CIN,00-0039266
Andre' Sam,PHI,00-0039267
Peter Bowden,LAC,00-0039268
Donovan Jennings,GB,00-0039272
Messiah Swinson,CLE,00-0039275
Jimmy Ciarlo,BUF,00-0039277
Braiden McGregor,NYJ,00-0039284
Jarius Monroe,NYJ,00-0039285
Jackson Sirmon,NO,00-0039288
Leonard Taylor III,NE,00-0039289
Shemar Bartholomew,TEN,00-0039292
George Holani,SEA,00-0039299
Jack Westover,WAS,00-0039305
Byron Murphy II,SEA,00-0039309
Trevor Keegan,MIN,00-0039310
Miles Battle,MIA,00-0039312
Swayze Bozeman,CIN,00-0039313
Ethan Driskell,KC,00-0039317
Curtis Jacobs,WAS,00-0039318
D.J. Miller,BUF,00-0039322
Ryan Rehkow,CIN,00-0039323
Christian Roland-Wallace,KC,00-0039324
Carson Steele,PHI,00-0039325
Julian Hicks,SEA,00-0039329
Brandon Codrington,SF,00-0039333
Malik Nabers,NYG,00-0039337
Brock Bowers,LV,00-0039338
Taliese Fuaga,NO,00-0039339
Laiatu Latu,IND,00-0039340
Tyler Guyton,DAL,00-0039341
Xavier Legette,CAR,00-0039342
Kamari Lassiter,HOU,00-0039343
Jonathon Brooks,CAR,00-0039344
Renardo Green,SF,00-0039345
Junior Colson,LAC,00-0039346
Trevin Wallace,NYJ,00-0039347
Cooper Beebe,DAL,00-0039348
DJ Glaze,LV,00-0039349
Zak Zinter,CLE,00-0039350
Dominick Puni,SF,00-0039351
Marist Liufau,DAL,00-0039352
Jarrian Jones,JAX,00-0039353
McKinnley Jackson,CIN,00-0039354
Luke McCaffrey,WAS,00-0039355
Ja'Tavion Sanders,CAR,00-0039356
Decamerion Richardson,NO,00-0039357
Mason McCormick,PIT,00-0039358
Cade Stover,HOU,00-0039359
Malik Mustapha,SF,00-0039360
Bucky Irving,TB,00-0039361
Giovanni Manu,DET,00-0039362
Isaac Guerendo,SF,00-0039363
Sione Vaki,DET,00-0039364
Jacob Cowing,SF,00-0039365
Tarheeb Still,LAC,00-0039366
Jordan Magee,WAS,00-0039368
Cam Hart,LAC,00-0039369
JD Bertrand,ATL,00-0039370
Kris Abrams-Draine,DEN,00-0039371
Jarvis Brownlee Jr.,NYJ,00-0039372
Audric Estimé,NO,00-0039373
Tommy Eichenberg,LV,00-0039374
Josh Newton,CIN,00-0039375
Spencer Rattler,NO,00-0039376
Jaylon Carlies,IND,00-0039377
Deantre Prince,CHI,00-0039378
Jamari Thrash,CLE,00-0039379
Chau Smith-Wade,CAR,00-0039380
Dominique Hampton,TEN,00-0039381
Jaylin Simpson,MIA,00-0039383
Tyrone Tracy Jr.,NYG,00-0039384
Bub Means,CLE,00-0039386
Caelen Carson,DAL,00-0039387
Jaylan Ford,NO,00-0039388
Logan Lee,PIT,00-0039389
Marcellas Dial Jr.,MIA,00-0039390
Kimani Vidal,LAC,00-0039391
Jha'Quan Jackson,TB,00-0039392
Casey Washington,CAR,00-0039394
Jamal Hill,HOU,00-0039395
Mekhi Wingo,DET,00-0039396
Tejhaun Palmer,NE,00-0039397
Joe Milton III,DAL,00-0039398
Zion Logue,CLE,00-0039400
Khristian Boyd,NO,00-0039401
Jaden Crumedy,HOU,00-0039402
Will Reichard,MIN,00-0039404
Jawhar Jordan,HOU,00-0039405
Nathaniel Watson,CLE,00-0039406
Dylan Laube,LV,00-0039407
Christian Mahogany,DET,00-0039408
Cam Little,JAX,00-0039409
Ryan Flournoy,DAL,00-0039410
Elijah Klein,DET,00-0039411
Javontae Jean-Baptiste,WAS,00-0039412
Daijahn Anthony,CIN,00-0039414
Myles Harden,CLE,00-0039417
MJ Devonshire,GB,00-0039418
Michael Jurgens,MIN,00-0039419
Jaheim Bell,PIT,00-0039420
Levi Drake Rodriguez,MIN,00-0039421
Nathan Thomas,HOU,00-0039422
Jonah Laulu,LV,00-0039423
Devaughn Vele,NO,00-0039424
Myles Cole,NO,00-0039425
Solomon Byrd,HOU,00-0039427
Michael Barrett,BAL,00-0039429
James Williams,TEN,00-0039430
Jowon Briggs,NYJ,00-0039431
Tatum Bethune,SF,00-0039435
Jaylen Harrell,TEN,00-0039436
Cornelius Johnson,BAL,00-0039437
Nick Gargiulo,DEN,00-0039438
Kingsley Eguakun,NYG,00-0039442
Hogan Hatten,DET,00-0039445
Bryan Hudson,NYG,00-0039446
Nate Lynn,NYJ,00-0039447
Isaiah Williams,NYJ,00-0039451
Beanie Bishop,CHI,00-0039454
Jacoby Windmon,PIT,00-0039457
Theo Benedet,CHI,00-0039459
Carl Jones,BAL,00-0039460
Jamree Kromah,CHI,00-0039461
Austin Reed,BAL,00-0039464
Reddy Steward,DAL,00-0039465
Ian Wheeler,BUF,00-0039466
Te'Cory Couch,BUF,00-0039469
Frank Gore Jr.,BUF,00-0039471
Xavier Johnson,CIN,00-0039473
Jack Browning,ARI,00-0039477
Storm Duck,MIA,00-0039481
Andrew Meyer,MIA,00-0039485
Mark Perry,GB,00-0039488
Hayden Rucci,JAX,00-0039489
Jalen Coker,CAR,00-0039491
Kenny Dyson,MIN,00-0039494
Harrison Mevis,LA,00-0039498
Alex Johnson,LA,00-0039506
Marcellus Johnson,DAL,00-0039507
Jake Kubas,NE,00-0039508
Casey Rogers,NE,00-0039510
Chris Edmonds,CLE,00-0039513
Winston Reid,CLE,00-0039515
Treyton Welch,NO,00-0039518
Xavier Weaver,ARI,00-0039521
Emany Johnson,LAC,00-0039526
Brevyn Spann-Ford,DAL,00-0039530
Julius Wood,MIA,00-0039532
Carter Bradley,JAX,00-0039534
Andrew Coker,CIN,00-0039535
Amari Gainer,MIA,00-0039539
Will Putnam,LV,00-0039544
Ron Stone Jr.,DEN,00-0039548
Shawn Bowman,ARI,00-0039550
Steven Jones,PIT,00-0039555
Levelle Bailey,DEN,00-0039565
Nik Constantinou,CLE,00-0039567
Frank Crum,DEN,00-0039568
Jordan Miller,MIA,00-0039570
Spencer Shrader,IND,00-0039576
Kedon Slovis,GB,00-0039577
Dalton Tucker,IND,00-0039578
Tyrek Funderburk,CAR,00-0039586
Antonio Grier Jr.,CHI,00-0039587
Kameron Johnson,TB,00-0039589
Rashad Wisdom,TB,00-0039596
Demani Richardson,CAR,00-0039601
British Brooks,HOU,00-0039603
Kyler Baugh,PIT,00-0039609
Sincere Haynesworth,BUF,00-0039612
Rico Payton,NYG,00-0039620
Isaiah Stalbird,NO,00-0039622
Mason Tipton,NO,00-0039623
Kyle Hergel,CHI,00-0039624
Cole Burgess,PIT,00-0039626
Cam Grandy,MIN,00-0039631
PJ Jules,CIN,00-0039632
Austin McNamara,NYJ,00-0039634
Maema Njongmeta,CAR,00-0039637
Isaiah Iton,NE,00-0039644
David Martin-Robinson,TEN,00-0039648
Bryce Oliver,CLE,00-0039650
Jabari Small,DET,00-0039652
Thomas Harper,DET,00-0039660
Chigozie Anusiem,LV,00-0039676
Sam Hartman,WAS,00-0039677
Ben Nikkel,IND,00-0039679
Tyler Owens,WAS,00-0039681
A.J. Woods,ATL,00-0039685
Colson Yankoff,WAS,00-0039686
Dell Pettus,NE,00-0039692
Evan Anderson,SF,00-0039696
Jaylen Mahoney,PHI,00-0039697
Drake Nugent,SF,00-0039700
Mason Pline,KC,00-0039702
Cody Schrader,DEN,00-0039703
Jeshaun Jones,MIN,00-0039710
Dwight McGlothern,MIN,00-0039714
Doug Nester,PIT,00-0039716
Bo Richter,MIN,00-0039718
Taki Taimani,MIN,00-0039720
JaQuae Jackson,LAC,00-0039722
Jayden Price,NO,00-0039725
JC Latham,TEN,00-0039731
Bo Nix,DEN,00-0039732
Ruke Orhorhoro,JAX,00-0039733
Braden Fiske,LA,00-0039734
Jackson Powers-Johnson,LV,00-0039735
Matt Goncalves,IND,00-0039736
Tip Reiman,ARI,00-0039737
Blake Corum,LA,00-0039738
Roman Wilson,PIT,00-0039739
Jalyx Hunt,PHI,00-0039740
Payton Wilson,PIT,00-0039741
Javon Foster,CIN,00-0039742
Jordan Jefferson,LAC,00-0039743
Tanor Bortolini,IND,00-0039744
Tory Taylor,CHI,00-0039745
Will Shipley,PHI,00-0039746
Tyler Davis,LA,00-0039749
Jordan Whittington,LA,00-0039751
Cedric Johnson,CIN,00-0039752
Beaux Limmer,LA,00-0039753
Devin Culp,TB,00-0039754
KT Leveston,CLE,00-0039755
Joe Andreessen,BUF,00-0039763
Elijah Chatman,CLE,00-0039764
Quinton Newsome,ARI,00-0039767
Charles Woods,NE,00-0039770
Josh Wallace,LA,00-0039772
Omar Speights,LA,00-0039774
Elias Neal,LA,00-0039775
Jaylen McCollough,LA,00-0039776
Cam Lampkin,LA,00-0039780
Anthony Goodlow,CAR,00-0039783
Justin Dedich,LA,00-0039784
Qwan'tez Stiggers,NYJ,00-0039789
Olumuyiwa Fashanu,NYJ,00-0039790
Adisa Isaac,BAL,00-0039791
Devontez Walker,BAL,00-0039792
AJ Barner,SEA,00-0039793
Braelon Allen,NYJ,00-0039794
Nehemiah Pritchett,SEA,00-0039795
Rasheen Ali,BAL,00-0039796
Isaiah Davis,NYJ,00-0039798
DJ James,NYG,00-0039800
Max Melton,ARI,00-0039807
Isaiah Adams,ARI,00-0039808
Jonah Elliss,DEN,00-0039809
MarShawn Lloyd,GB,00-0039811
Ty'Ron Hopper,GB,00-0039812
Evan Williams,GB,00-0039813
Erick All,CIN,00-0039814
Tyrice Knight,SEA,00-0039815
Anthony Gould,IND,00-0039816
Jacob Monk,GB,00-0039817
Kitan Oladapo,GB,00-0039818
Travis Glover,GB,00-0039819
Andru Phillips,NYG,00-0039821
Kiran Amegadjie,PHI,00-0039822
Elijah Jones,NYG,00-0039823
Jared Wiley,KC,00-0039824
Jaden Hicks,KC,00-0039825
Jeremiah Trotter Jr.,PHI,00-0039826
Hunter Nourzad,KC,00-0039827
Walter Rouse,NE,00-0039828
Darius Muasau,NE,00-0039829
Dylan McMahon,LA,00-0039830
Kamal Hadden,GB,00-0039831
Jarrett Kingston,MIA,00-0039832
C.J. Hanson,KC,00-0039833
Kamren Kinchens,LA,00-0039834
Justin Eboigbe,LAC,00-0039835
Brennan Jackson,LV,00-0039836
Bralen Trice,ATL,00-0039837
Calen Bullock,HOU,00-0039838
Christian Haynes,SEA,00-0039839
Austin Booker,CHI,00-0039840
Cooper DeJean,PHI,00-0039841
Michael Jerrell,ATL,00-0039842
Qadir Ismail,CHI,00-0039843
Kingsley Suamataia,KC,00-0039844
Tykee Smith,TB,00-0039846
Theo Johnson,NYG,00-0039847
Marvin Harrison Jr.,ARI,00-0039849
Edgerrin Cooper,GB,00-0039850
Drake Maye,NE,00-0039851
Jared Verse,CLE,00-0039852
Darius Robinson,ARI,00-0039854
Jalen McMillan,TB,00-0039855
Blake Fisher,HOU,00-0039857
Cedric Gray,TEN,00-0039858
Brandon Dorlus,ATL,00-0039859
Kool-Aid McKinstry,NO,00-0039860
Tyler Nubin,NYG,00-0039861
Ennis Rakestraw Jr.,DET,00-0039862
Caedan Wallace,MIA,00-0039863
Dadrion Taylor-Demerson,ARI,00-0039864
Javon Bullard,GB,00-0039867
Troy Franklin,DEN,00-0039868
Troy Fautanu,PIT,00-0039871
Cole Bishop,BUF,00-0039872
DeWayne Carter,BUF,00-0039873
Jaylen Wright,MIA,00-0039874
Ray Davis,BUF,00-0039875
Sedrick Van Pran-Granger,IND,00-0039876
Mohamed Kamara,TB,00-0039877
Edefuan Ulofoshio,CLE,00-0039878
Javon Solomon,BUF,00-0039879
Malik Washington,MIA,00-0039880
Patrick McMorris,SF,00-0039881
Tylan Grable,BUF,00-0039882
Daequan Hardy,PIT,00-0039883
Tahj Washington,PHI,00-0039884
T'Vondre Sweat,NYJ,00-0039886
Quinyon Mitchell,PHI,00-0039888
Maason Smith,ATL,00-0039889
Adonai Mitchell,NYJ,00-0039890
Brian Thomas Jr.,JAX,00-0039893
Xavier Worthy,KC,00-0039894
Mike Hall Jr.,CLE,00-0039895
Zach Frazier,PIT,00-0039896
Joe Alt,LAC,00-0039897
Mike Sainristil,WAS,00-0039898
Patrick Paul,MIA,00-0039899
Keon Coleman,BUF,00-0039901
Chris Braswell,HOU,00-0039902
Terrion Arnold,SEA,00-0039903
Jordan Morgan,GB,00-0039904
Graham Barton,TB,00-0039905
Jer'Zhan Newton,WAS,00-0039906
Ja'Lynn Polk,NO,00-0039907
Kris Jenkins,CIN,00-0039908
Jayden Daniels,WAS,00-0039910
Chop Robinson,MIA,00-0039911
Ben Sinnott,WAS,00-0039912
Brandon Coleman,WAS,00-0039913
Ladd McConkey,LAC,00-0039915
Ricky Pearsall,SF,00-0039916
Michael Penix Jr.,ATL,00-0039917
Caleb Williams,CHI,00-0039918
Rome Odunze,CHI,00-0039919
Malachi Corley,CLE,00-0039920
Trey Benson,ARI,00-0039921
J.J. McCarthy,MIN,00-0039923
Dallas Turner,MIN,00-0039924
Amarius Mims,CIN,00-0039925
Jalen Sundell,SEA,00-0039926
Travis Clayton,BUF,00-0039930
Julius Welschof,PIT,00-0039931
Laekin Vakalahi,LAC,00-0039932
Thomas Yassmin,GB,00-0039936
David Olajiga,BAL,00-0039938
Jamie Sheriff,LA,00-0039944
Kyon Barrs,CAR,00-0039946
Elliott Brown,ARI,00-0039956
Tra Fluellen,GB,00-0039959
Lenny Krieg,GB,00-0040003
T.J. Maguranyanga,WAS,00-0040004
Tyler Booker,DAL,00-0040007
Shavon Revel Jr.,DAL,00-0040008
Savion Williams,GB,00-0040009
Barryn Sorrell,GB,00-0040010
Shemar James,DAL,00-0040011
Collin Oliver,GB,00-0040012
Smael Mondon Jr.,PHI,00-0040013
Kyle McCord,MIA,00-0040014
Myles Hinton,CIN,00-0040015
Warren Brinson,GB,00-0040016
Ajani Cornelius,DAL,00-0040017
Antwaun Powell-Ryland,CIN,00-0040018
Jay Toia,DAL,00-0040019
Micah Robinson,TEN,00-0040020
Phil Mafah,DAL,00-0040021
Tommy Akingbesote,JAX,00-0040022
John Williams,GB,00-0040023
Darius Cooper,PHI,00-0040024
Maxen Hook,SEA,00-0040026
Johnathan Baldwin,GB,00-0040033
Brant Banks,NYJ,00-0040034
Jamon Johnson,BAL,00-0040037
Amar Johnson,LAC,00-0040039
Nazir Stackhouse,TEN,00-0040041
Justin Barron,DAL,00-0040043
Zion Childress,CAR,00-0040044
Alijah Clark,DAL,00-0040045
Rivaldo Fairweather,ARI,00-0040046
Josh Kelly,HOU,00-0040049
Seth Coleman-Lyles,MIA,00-0040054
Jalan Gaines,SEA,00-0040055
Jared Ivey,ATL,00-0040056
Nick Kallerup,SEA,00-0040058
Amari Kight,SEA,00-0040059
Marshall Lang,MIN,00-0040060
Connor O'Toole,SEA,00-0040061
J.R. Singleton,SEA,00-0040063
Wy'Kevious Thomas,SEA,00-0040064
Isas Waxter,LAC,00-0040065
Jackson Woodard,MIA,00-0040066
Jacardia Wright,SEA,00-0040067
Emery Jones Jr.,BAL,00-0040068
Teddye Buchanan,BAL,00-0040069
Carson Vinson,BAL,00-0040070
Mac McWilliams,PHI,00-0040071
Jeffrey Bassa,KC,00-0040072
Bilhal Kone,BAL,00-0040073
Tyler Loop,BAL,00-0040074
LaJohntay Wester,BAL,00-0040075
Aeneas Peebles,BAL,00-0040076
Robert Longerbeam,PHI,00-0040077
Brashard Smith,KC,00-0040078
Garrett Dellinger,TEN,00-0040079
Jake Briningstool,KC,00-0040081
Dalton Cooper,GB,00-0040083
Brandon George,PHI,00-0040087
Coziah Izzard,CLE,00-0040088
Kevin Knowles,TB,00-0040089
Esa Pole,WAS,00-0040092
Melvin Smith,TEN,00-0040093
Tre Watson,MIA,00-0040094
Gerad Lichtenhan,BAL,00-0040098
Xavier Guillory,BAL,00-0040099
Jay Higgins,BAL,00-0040100
Reid Holskey,IND,00-0040101
Keondre Jackson,BAL,00-0040104
Jayson Jones,TB,00-0040105
Reuben Lowery,IND,00-0040106
Chandler Martin,NYG,00-0040108
Marquise Robinson,BAL,00-0040112
Josh Simmons,KC,00-0040116
Cooper McDonald,KC,00-0040118
Jimmy Holiday,KC,00-0040120
Ashton Jeanty,LV,00-0040122
Armand Membou,NYJ,00-0040123
Tetairoa McMillan,CAR,00-0040124
Kelvin Banks Jr.,NO,00-0040125
Colston Loveland,CHI,00-0040126
Kenneth Grant,MIA,00-0040127
Tyler Warren,IND,00-0040128
Emeka Egbuka,TB,00-0040129
Jayden Higgins,HOU,00-0040130
Kyle Williams,NE,00-0040131
Landon Jackson,BUF,00-0040132
Azareye'h Thomas,NYJ,00-0040133
Pat Bryant,DEN,00-0040134
Nick Martin,SF,00-0040135
Princely Umanmielen,CAR,00-0040136
Jordan Burch,ARI,00-0040137
Jaylin Noel,HOU,00-0040138
Justin Walley,IND,00-0040139
Dylan Fairchild,CIN,00-0040140
Kevin Winston Jr.,TEN,00-0040141
Kaleb Johnson,GB,00-0040142
Jacob Parrish,TB,00-0040143
Jamaree Caldwell,LAC,00-0040144
Caleb Ransaw,JAX,00-0040145
Wyatt Milum,JAX,00-0040146
Jared Wilson,NE,00-0040147
Xavier Watts,ATL,00-0040148
Jaylin Smith,HOU,00-0040149
Caleb Rogers,LV,00-0040150
Charles Grant,LV,00-0040151
Upton Stout,SF,00-0040152
Sai'vion Jones,DEN,00-0040153
Tai Felton,MIN,00-0040154
Danny Stutsman,NO,00-0040155
Billy Bowman Jr.,ATL,00-0040156
Barrett Carter,CIN,00-0040157
David Walker,TB,00-0040158
Lathan Ransom,CAR,00-0040159
Jack Sawyer,PIT,00-0040160
Kyle Kennard,LAC,00-0040161
Dylan Sampson,CLE,00-0040162
Jalen Travis,IND,00-0040163
Jaylin Lane,WAS,00-0040164
Malachi Moore,NYJ,00-0040165
Quincy Riley,NO,00-0040166
Ruben Hyppolite II,CHI,00-0040167
Que Robinson,DEN,00-0040168
Tonka Hemingway,LV,00-0040169
Elic Ayomanor,TEN,00-0040170
Joshua Farmer,NE,00-0040171
Jordan Watkins,SF,00-0040172
Tyrion Ingram-Dawkins,MIN,00-0040173
Cam Jackson,CAR,00-0040174
Jordan Phillips,MIA,00-0040175
Bradyn Swinson,PIT,00-0040176
Jordan James,SF,00-0040177
Jason Marshall Jr.,MIA,00-0040178
DJ Giddens,IND,00-0040179
Jalen Rivers,CIN,00-0040180
Marcus Mbow,NYG,00-0040181
Dante Trader Jr.,MIA,00-0040182
Elijah Roberts,TB,00-0040183
KeAndre Lambert-Smith,LAC,00-0040184
Marques Sigle,SF,00-0040185
Francisco Mauigoa,NYJ,00-0040186
Mitchell Evans,CAR,00-0040187
Yahya Black,PIT,00-0040188
Oronde Gadsden II,LAC,00-0040189
Jackson Slater,TEN,00-0040190
Jordan Hancock,BUF,00-0040192
Miles Frazier,DET,00-0040193
Jackson Hawes,BUF,00-0040194
Denzel Burke,ARI,00-0040195
Tyler Baron,NYJ,00-0040196
Dorian Strong,BUF,00-0040197
Ollie Gordon II,MIA,00-0040198
JJ Pegues,LV,00-0040199
Andy Borregales,NE,00-0040200
Marcus Harris,TEN,00-0040201
Will Howard,PIT,00-0040203
Jaylen Reed,NE,00-0040204
Kalel Mullings,TEN,00-0040205
Riley Leonard,IND,00-0040206
Tim Smith,IND,00-0040207
Tahj Brooks,CIN,00-0040208
Jalen McLeod,JAX,00-0040209
Luke Newman,CHI,00-0040210
Graham Mertz,HOU,00-0040211
Branson Taylor,LAC,00-0040212
Rayuan Lane III,JAX,00-0040213
Gavin Bartholomew,MIN,00-0040215
Kain Medrano,WAS,00-0040216
Chase Lundt,BUF,00-0040217
Jimmy Horn Jr.,CAR,00-0040218
Hayden Conner,ARI,00-0040219
R.J. Mickens,LAC,00-0040221
Jeremy Crawshaw,DEN,00-0040223
Jack Nelson,MIN,00-0040224
Thomas Fidone II,NYG,00-0040225
Marcus Bryant,NE,00-0040226
Jonah Monheim,JAX,00-0040227
Cody Lindenberg,LV,00-0040228
Kyonte Hamilton,HOU,00-0040229
Kitan Crawford,ARI,00-0040230
Carson Bruener,PIT,00-0040231
Donte Kent,PIT,00-0040232
Dan Jackson,DET,00-0040233
Quinn Ewers,JAX,00-0040234
Hunter Wohler,IND,00-0040235
Kyle Monangai,CHI,00-0040236
Tez Johnson,TB,00-0040237
LeQuint Allen Jr.,JAX,00-0040238
Kaden Prather,GB,00-0040239
Caleb Lohner,DEN,00-0040240
Dominic Lovett,DET,00-0040241
Jacory Croskey-Merritt,WAS,00-0040242
Korie Black,NYG,00-0040243
Moliki Matavao,NO,00-0040244
Connor Colby,SF,00-0040245
Julian Ashby,NE,00-0040246
Junior Bergen,NYJ,00-0040247
Zeek Biggers,MIA,00-0040248
Fadil Diggs,NO,00-0040249
Trikweze Bridges,CIN,00-0040251
Kobee Minor,NE,00-0040252
Adin Huntington,CLE,00-0040255
Gage Larvadain,CLE,00-0040259
Ahmani Marshall,CAR,00-0040260
Easton Mascarenas-Arnold,CLE,00-0040261
Donovan McMillon,CLE,00-0040263
Ja'Seem Reed,CAR,00-0040265
Major Burns,MIA,00-0040268
Power Echols,SEA,00-0040270
Tysheem Johnson,SEA,00-0040273
JP Richardson,CHI,00-0040275
Jahdae Walker,CHI,00-0040277
Ryan Fitzgerald,CAR,00-0040279
Jared Harrison-Hunte,ARI,00-0040283
Jack Henderson,PIT,00-0040284
Bam Martin-Scott,CAR,00-0040289
Michael Reid,NO,00-0040293
Trevian Thomas,JAX,00-0040295
Corey Thornton,CAR,00-0040296
Andrew Armstrong,KC,00-0040298
Eugene Asante,ARI,00-0040299
A.J. Henning,MIA,00-0040302
Alex Huntley,MIA,00-0040304
Josh Priebe,MIA,00-0040307
John Saunders Jr.,NE,00-0040310
Theo Wease Jr.,LAC,00-0040311
Kam Arnold,KC,00-0040313
Ricky Barber,WAS,00-0040314
Jacoby Jones,WAS,00-0040317
Ale Kaho,WAS,00-0040318
Robert McDaniel,TB,00-0040319
Timothy McKay,JAX,00-0040320
Car'lin Vigers,PIT,00-0040322
Chandler Brayboy,JAX,00-0040323
Cam Camper,NYJ,00-0040324
Branson Combs,JAX,00-0040326
Ethan Downs,KC,00-0040328
BJ Green II,JAX,00-0040329
Patrick Herbert,LAC,00-0040331
Ja'Quinden Jackson,PHI,00-0040332
Jabbar Muhammad,JAX,00-0040336
Eli Pancol,IND,00-0040337
Keivie Rose,JAX,00-0040338
Cam'Ron Silmon-Craig,JAX,00-0040339
Doneiko Slaughter,PIT,00-0040341
Danny Striggow,JAX,00-0040342
Johnathan Edwards,IND,00-0040347
Marshall Foerner,TB,00-0040349
Coleman Owen,IND,00-0040352
Trey Washington,IND,00-0040357
Jacob Bayer,CIN,00-0040359
Stephen Gosnell,BUF,00-0040361
Keonta Jenkins,BUF,00-0040362
Keleki Latu,BUF,00-0040363
Wande Owens,BUF,00-0040364
Daryl Porter,PIT,00-0040365
Howard Cross III,CIN,00-0040369
Eric Gregory,NE,00-0040371
Bralyn Lux,CIN,00-0040372
Seth McLaughlin,DET,00-0040374
Jordan Moore,CIN,00-0040375
William Wagner,CIN,00-0040379
Jeremiah Byers,CLE,00-0040380
Josh Fryar,ARI,00-0040382
Elijah Simmons,TB,00-0040384
Zach Horton,DET,00-0040387
Jakobie Keeney-James,PIT,00-0040388
Jackson Meeks,DET,00-0040390
Mason Miller,DET,00-0040391
Caden Prieskorn,CAR,00-0040392
Anthony Tyus III,CAR,00-0040394
Jared Bartlett,JAX,00-0040395
Dean Clark,NYJ,00-0040396
Jordan Clark,NYJ,00-0040397
Brady Cook,MIA,00-0040398
Donovan Edwards,MIA,00-0040400
Gus Hartwig,DET,00-0040401
Fatorma Mulbah,MIA,00-0040403
Payton Page,NYJ,00-0040404
Jamaal Pritchett,NYJ,00-0040405
Quentin Skinner,BUF,00-0040406
Aaron Smith,SEA,00-0040407
Austin Brinkman,HOU,00-0040409
Eli Cox,JAX,00-0040410
Alijah Huzzie,HOU,00-0040411
K.C. Ossai,HOU,00-0040413
Junior Tafuna,HOU,00-0040414
Connor Bazelak,TB,00-0040415
John Bullock,TB,00-0040416
Benjamin Chukwuma,TB,00-0040417
Garrett Greene,TB,00-0040419
Nash Hutmacher,TB,00-0040420
Jake Majors,PHI,00-0040422
Roman Parodie,TB,00-0040423
JJ Roberts,TB,00-0040425
Ben Scott,TB,00-0040427
Josh Williams,TB,00-0040429
Dalen Cambre,NYG,00-0040431
Beaux Collins,ATL,00-0040432
Trace Ford,NYG,00-0040434
Antwane Wells Jr.,ATL,00-0040438
Marques Cox,MIA,00-0040442
Courtney Jackson,TEN,00-0040445
Joseph Michalski,NE,00-0040446
Karene Reid,DEN,00-0040449
Xavier Truss,NO,00-0040451
Johnny Walker Jr.,DEN,00-0040452
Kristian Williams,DEN,00-0040454
Jermaine Terry,CLE,00-0040457
TeRah Edwards,CAR,00-0040458
Marlowe Wax,LAC,00-0040460
DJ Uiagalelei,LAC,00-0040464
Raheim Sanders,CLE,00-0040466
Josh Kaltenberger,LAC,00-0040467
Eric Rogers,LAC,00-0040468
Nikko Reed,LAC,00-0040471
Garmon Randolph,CIN,00-0040472
Myles Purchase,LAC,00-0040473
Ulysses Bentley IV,IND,00-0040476
Hudson Clark,ARI,00-0040479
Jah Joyner,SF,00-0040486
Treven Ma'ae,LV,00-0040487
Carter Runyon,LV,00-0040488
Greedy Vance,LV,00-0040489
Tyler Batty,MIN,00-0040492
Max Brosmer,MIN,00-0040494
Logan Brown,SEA,00-0040495
Chaz Chambliss,MIN,00-0040496
Zeke Correll,PHI,00-0040497
Dontae Fleming,MIN,00-0040498
Keenan Garber,NYJ,00-0040499
Joe Huber,MIN,00-0040500
Dorian Mausi,TEN,00-0040503
Bryson Nesbit,MIN,00-0040504
Myles Price,MIN,00-0040506
Zemaiah Vaughn,MIN,00-0040507
Ben Yurosek,MIN,00-0040509
Brandon Crenshaw-Dickson,TEN,00-0040512
Cam Horsley,ARI,00-0040517
Jalen Kimber,CIN,00-0040518
Xavier Restrepo,TEN,00-0040522
Tre Stewart,ARI,00-0040526
Sebastian Castro,PIT,00-0040527
JJ Galbreath,IND,00-0040528
Ben Sauls,NYG,00-0040530
Roc Taylor,CAR,00-0040531
Ke'Shawn Williams,CIN,00-0040534
Dalys Beanum,NO,00-0040535
Elliott Davison,NE,00-0040537
Easton Kilty,NO,00-0040539
Torricelli Simpkins III,CAR,00-0040541
Cobee Bryant,ATL,00-0040546
Nate Carter,KC,00-0040547
Joshua Gray,MIN,00-0040548
Dontae Manning,CHI,00-0040550
Nick Nash,WAS,00-0040551
Joshua Simon,WAS,00-0040552
Quincy Skinner Jr.,NYJ,00-0040553
Malik Verdon,ATL,00-0040554
Corey Kiner,NE,00-0040556
Drew Moss,TEN,00-0040557
Isaiah Neyor,GB,00-0040558
Jakob Robinson,SF,00-0040559
Sebastian Valdez,SF,00-0040560
Efton Chism III,NE,00-0040563
Jack Conley,NE,00-0040564
Brandon Crossley,NE,00-0040565
CJ Dippre,TB,00-0040566
Brock Lampe,SEA,00-0040567
Lan Larison,NE,00-0040568
Jeremiah Webb,NE,00-0040570
Jahvaree Ritzie,MIN,00-0040572
Cam Riley,MIA,00-0040573
Elijah Ponder,NE,00-0040574
Josh Minkins,ARI,00-0040576
Jalon Walker,ATL,00-0040577
James Pearce Jr.,ATL,00-0040578
Carson Schwesinger,CLE,00-0040579
Josaiah Stewart,LA,00-0040580
Dont'e Thornton Jr.,LV,00-0040581
Arian Smith,NYJ,00-0040582
Woody Marks,HOU,00-0040583
Gunnar Helm,TEN,00-0040584
Ty Hamilton,LA,00-0040585
Jaydon Blue,PHI,00-0040586
Drew Kendall,PHI,00-0040587
Pooh Paul Jr.,SEA,00-0040588
Kurtis Rourke,SF,00-0040589
Konata Mumpfield,LA,00-0040590
Mehki Butler,NE,00-0040593
Jamil Muhammad,CLE,00-0040594
Bill Norton,LA,00-0040595
Brennan Presley,LA,00-0040597
Mark Redman,GB,00-0040598
Nate Valcarcel,LA,00-0040600
Jordan Waters,LA,00-0040601
Trey Wedig,IND,00-0040602
Jahfari Harvey,LV,00-0040604
Tru Edwards,LA,00-0040609
Wyatt Bowles,LA,00-0040611
Shaun Dolac,LA,00-0040613
Kisean Johnson,GB,00-0040616
Luke Floriea,CLE,00-0040617
Max Hurleman,PIT,00-0040618
Montorie Foster Jr,SEA,00-0040621
Elijah Williams,MIN,00-0040624
Nick Jackson,TB,00-0040625
Drake Dabney,GB,00-0040628
Dalevon Campbell,LAC,00-0040629
Willie Lampkin,PHI,00-0040631
Kyrese Rowan,NO,00-0040633
Jordan Turner,DEN,00-0040634
Keyon Martin,BAL,00-0040636
Lucas Scott,BAL,00-0040637
Grey Zabel,SEA,00-0040639
Ashton Gillotte,KC,00-0040640
Darien Porter,LV,00-0040641
Vernon Broughton,NO,00-0040642
Jonas Sanker,NO,00-0040643
Trevor Etienne,CAR,00-0040644
Cody Simon,ARI,00-0040645
Jalen Royals,KC,00-0040646
Rylie Mills,SEA,00-0040647
Tory Horton,SEA,00-0040648
Robbie Ouzts,SEA,00-0040649
Bryce Cabeldue,SEA,00-0040650
Damien Martinez,GB,00-0040651
Mason Richman,SEA,00-0040652
Ricky White III,SEA,00-0040653
Kai Kroeger,HOU,00-0040654
Keith Cooper Jr.,MIA,00-0040655
Hunter Dekkers,NO,00-0040656
Kaimon Rucker,BAL,00-0040658
Derrick Canteen,TEN,00-0040659
Mykel Williams,SF,00-0040660
Donovan Jackson,MIN,00-0040661
Ty Robinson,PHI,00-0040662
Harold Fannin Jr.,CLE,00-0040663
Omarion Hampton,LAC,00-0040666
Matthew Golden,GB,00-0040667
Shedeur Sanders,CLE,00-0040668
Isaac TeSlaa,DET,00-0040669
Nohl Williams,KC,00-0040670
Tyleik Williams,DET,00-0040672
Jalen Milroe,SEA,00-0040673
Keydrain Calligan,TEN,00-0040674
Cam Ward,TEN,00-0040676
Abdul Carter,NYG,00-0040677
Derrick Harmon,PIT,00-0040678
Sean Fresch,DEN,00-0040679
Patrick Jenkins,CLE,00-0040684
Mason Graham,CLE,00-0040685
Josh Conerly Jr.,WAS,00-0040686
Cameron Williams,ATL,00-0040687
Malaki Starks,BAL,00-0040688
Anthony Campbell,GB,00-0040689
Jaxson Dart,NYG,00-0040691
Jarquez Hunter,MIA,00-0040692
Darius Alexander,NYG,00-0040694
Thomas Gordon,DET,00-0040697
Will Campbell,NE,00-0040699
Mitch Van Vooren,DAL,00-0040702
Dillon Gabriel,CLE,00-0040704
Chimere Dike,TEN,00-0040705
Walter Nolen,ARI,00-0040706
Jihaad Campbell,PHI,00-0040708
Maxwell Hairston,BUF,00-0040709
Deone Walker,BUF,00-0040710
CJ West,SF,00-0040711
Vershon Lee,ARI,00-0040712
Cam Skattebo,NYG,00-0040715
Craig Woodson,NE,00-0040716
Travis Hunter,JAX,00-0040718
Bhayshul Tuten,JAX,00-0040719
Jahdae Barron,DEN,00-0040720
Alfred Collins,SF,00-0040721
Mike Green,BAL,00-0040722
Jack Kiser,JAX,00-0040723
T.J. Sanders,BUF,00-0040724
Donovan Ezeiruaku,DAL,00-0040725
Anthony Belton,GB,00-0040726
Tre Harris,LAC,00-0040727
Tate Ratledge,DET,00-0040728
Jack Bech,LV,00-0040729
RJ Harvey,DEN,00-0040730
Trey Amos,WAS,00-0040731
Nick Emmanwori,SEA,00-0040733
TreVeyon Henderson,NE,00-0040734
Luther Burden III,CHI,00-0040735
Mason Taylor,NYJ,00-0040736
Terrance Ferguson,LA,00-0040737
Demetrius Knight Jr.,CIN,00-0040738
Elijah Arroyo,SEA,00-0040739
Ozzy Trapilo,CHI,00-0040740
Shemar Turner,CHI,00-0040741
Jonah Savaiinaea,MIA,00-0040742
Tyler Shough,NO,00-0040743
Jaylahn Tuimoloau,IND,00-0040744
Aireontae Ersery,HOU,00-0040745
Nic Scourton,CAR,00-0040746
Benjamin Morrison,TB,00-0040747
Omarr Norman-Lott,KC,00-0040748
Andrew Mukuba,PHI,00-0040749
Will Johnson,ARI,00-0040751
Oluwafemi Oladejo,TEN,00-0040752
Will Sheppard,MIA,00-0040753
Shemar Stewart,CIN,00-0040756
Ahmed Hassanein,DET,00-0040761
Laki Tasi,TEN,00-0040762
Mapalo Mwansa,CAR,00-0040763
Federico Maranges,SEA,00-0040764
Valentin Senn,ARI,00-0040765
Jaden Smith,DAL,00-0040769
Isaiah Bond,CLE,00-0040782
Quinshon Judkins,CLE,00-0040784
Dohnte Meyers,CIN,00-0040785
Jacob Roberts,MIN,00-0040786
Devin Veresuk,IND,00-0040787
Rob Carter Jr.,IND,00-0040790
Layne Pryor,HOU,00-0040792
Paschal Ekeji,NYJ,00-0040793
Jaheim Thomas,MIA,00-0040808
Carson Towt,IND,00-0040853
Jeffrey M'ba,WAS,00-0040864
Caleb Downs,DAL,00-0040865
Olaivavega Ioane,BAL,00-0040866
Makai Lemon,PHI,00-0040867
Treydan Stukes,LV,00-0040868
Chris McClellan,GB,00-0040869
Ja'Kobi Lane,BAL,00-0040870
Trey Zuhn III,LV,00-0040871
Jaishawn Barham,DAL,00-0040872
Julian Neal,SEA,00-0040873
Drew Shelton,DAL,00-0040874
Devin Moore,DAL,00-0040875
Elijah Sarratt,BAL,00-0040876
Dani Dennis-Sutton,GB,00-0040877
Mike Washington Jr.,LV,00-0040878
Matthew Hibner,BAL,00-0040879
LT Overton,DAL,00-0040880
Fernando Carmona,TEN,00-0040881
Beau Stephens,SEA,00-0040882
Dalton Johnson,LV,00-0040883
Jager Burton,GB,00-0040884
Chandler Rivers,BAL,00-0040885
Nicholas Singleton,TEN,00-0040886
Josh Cuevas,BAL,00-0040887
Adam Randall,BAL,00-0040888
Hezekiah Masses,LV,00-0040889
Cyrus Allen,KC,00-0040890
Cole Payton,PHI,00-0040891
Jackie Marshall,TEN,00-0040892
Pat Coogan,TEN,00-0040893
Malik Benson,LV,00-0040894
Emmanuel Henderson Jr.,SEA,00-0040895
Domani Jackson,GB,00-0040896
Micah Morris,PHI,00-0040897
Ryan Eckley,BAL,00-0040898
Trey Smack,GB,00-0040899
Anthony Smith,DAL,00-0040900
Jaren Kanak,TEN,00-0040901
Brandon Cleveland,LV,00-0040902
Andre Fuller,SEA,00-0040903
Deven Eastern,SEA,00-0040904
Cole Wisniewski,PHI,00-0040905
Garrett Nussmeier,KC,00-0040906
Rayshaun Benny,BAL,00-0040907
Keyshawn James-Newby,PHI,00-0040908
Evan Beerntsen,BAL,00-0040909
Michael Dansby,SEA,00-0040910
Hank Beatty,TEN,00-0040912
Bishop Fitzgerald,PIT,00-0040914
Jalen McMurray,TEN,00-0040917
Rasheed Miller,TEN,00-0040918
Tyren Montgomery,TEN,00-0040919
Mani Powell,TEN,00-0040920
Aamil Wagner,TEN,00-0040921
Deontae Lawson,PHI,00-0040922
Maximus Pulley,PHI,00-0040923
Jaeden Roberts,ATL,00-0040924
Rocco Underwood,PHI,00-0040925
Joshua Weru,PHI,00-0040926
Kapena Gushiken,IND,00-0040928
Tucker Large,PHI,00-0040929
Camden Brown,DAL,00-0040930
Tommy Dunn,DAL,00-0040931
Kelvin Gilliam,DAL,00-0040933
Jordan Hudson,DAL,00-0040934
Langston Patterson,DAL,00-0040935
Shiyazh Pete,DAL,00-0040936
Dominic Richardson,NYJ,00-0040937
DJ Rogers,DAL,00-0040938
Michael Trigg,DAL,00-0040939
DJ Withers,DAL,00-0040940
Dylan Barrett,GB,00-0040941
Josh Gesky,GB,00-0040943
Nyjalik Kelly,GB,00-0040944
Jaden Nixon,GB,00-0040946
TJ Quinn,GB,00-0040947
J. Michael Sturdivant,GB,00-0040948
Dillon Wade,GB,00-0040949
Vincent Anthony Jr.,SF,00-0040950
Wesley Bissainthe,KC,00-0040951
Cole Brevard,KC,00-0040952
Jeff Caldwell,KC,00-0040953
Omari Evans,KC,00-0040954
John Michael Gyllenborg,KC,00-0040955
Amari McNeill,KC,00-0040956
Xavier Nwankpa,KC,00-0040957
Pete Nygra,KC,00-0040958
Jaydn Ott,KC,00-0040959
Damon Payne,KC,00-0040960
D'Arco Perkins-McAllister,KC,00-0040961
Bryce Phillips,MIN,00-0040962
DeShon Singleton,KC,00-0040963
EJ Smith,KC,00-0040964
Josh Thompson,ATL,00-0040965
Zelmar Vedder,KC,00-0040966
Jacob De Jesus,KC,00-0040967
Murvin Kenion,GB,00-0040968
Ethan Hurkett,KC,00-0040969
Michael Briscoe,MIN,00-0040970
Devean Deal,LA,00-0040971
Aidan Hubbard,SEA,00-0040972
Marvin Jones Jr.,SEA,00-0040973
Lance Mason,PIT,00-0040974
Uso Seumalo,SEA,00-0040975
Levi Wentz,PIT,00-0040976
Cortez Braham,BAL,00-0040977
Ethan Burke,BAL,00-0040978
Nick Dawkins,BAL,00-0040979
Dominic DeLuca,BAL,00-0040980
Joe Fagnano,BAL,00-0040981
Aaron Graves,BAL,00-0040982
Matthew McDoom,CIN,00-0040983
Dontae McMillan,BAL,00-0040984
Ty Pezza,BAL,00-0040986
Diego Pounds,KC,00-0040987
Jahquez Robinson,BAL,00-0040988
Octavian Smith,BAL,00-0040989
Elijah Tau-Tolliver,BAL,00-0040991
Silas Walters,TB,00-0040992
Ladarius Webb Jr.,BAL,00-0040993
Dion Wilson,BAL,00-0040995
Jacob Clark,LV,00-0040996
Tyler Duzansky,LV,00-0040997
Roman Hemby,LV,00-0040998
Isaiah Jatta,LV,00-0040999
Devin Lafayette,LV,00-0041000
Matt Lauter,MIN,00-0041001
Caleb Offord,LV,00-0041002
Justin Pickett,LV,00-0041003
Chase Roberts,LV,00-0041004
Corey Rucker,LV,00-0041005
Cian Slone,LV,00-0041006
Gary Smith III,LV,00-0041007
Xavian Sorey Jr.,LV,00-0041008
Tanner Wall,NYJ,00-0041010
E.J. Williams Jr.,LV,00-0041011
Anthony Dunn,NYJ,00-0041012
Emmett Johnson,KC,00-0041013
Niklas Henning,LV,00-0041014
Patrick Gurd,LV,00-0041016
Kamar Missouri,LV,00-0041017
Devyn Perkins,LV,00-0041018
Kahlil Benson,KC,00-0041019
Xavier Loyd,KC,00-0041020
Marlen Sewell,CHI,00-0041021
David Bailey,NYJ,00-0041026
Jeremiyah Love,ARI,00-0041027
Sonny Styles,WAS,00-0041028
Jordyn Tyson,NO,00-0041029
Spencer Fano,CLE,00-0041030
Rueben Bain Jr.,TB,00-0041031
Kenyon Sadiq,NYJ,00-0041032
Caleb Banks,MIN,00-0041033
Monroe Freeling,CAR,00-0041034
De'Zhaun Stribling,SF,00-0041035
TJ Parker,BUF,00-0041036
Denzel Boston,CLE,00-0041037
D'Angelo Ponds,NYJ,00-0041038
CJ Allen,IND,00-0041039
Antonio Williams,WAS,00-0041040
Oscar Delp,NO,00-0041041
Malachi Fields,NYG,00-0041042
A.J. Haulcy,IND,00-0041043
Zachariah Branch,ATL,00-0041044
Albert Regis,JAX,00-0041045
Domonique Orange,MIN,00-0041046
Chris Brazzell II,CAR,00-0041047
Ted Hurst III,TB,00-0041048
Austin Barber,CLE,00-0041049
Emmanuel Pregnon,JAX,00-0041050
Zavion Thomas,CHI,00-0041051
Kaelon Black,SF,00-0041052
Caleb Tiernan,MIN,00-0041053
Jakobe Thomas,MIN,00-0041054
Jalen Huskey,JAX,00-0041055
Cade Klubnik,NYJ,00-0041056
Keionte Scott,TB,00-0041057
Travis Burke,LAC,00-0041058
Wesley Williams,JAX,00-0041059
Malik Muhammad,CHI,00-0041060
Carver Willis,SF,00-0041061
Connor Lew,CIN,00-0041062
Will Lee III,CAR,00-0041063
Genesis Smith,LAC,00-0041064
Jeremiah Wright,NO,00-0041065
Kendal Daniels,ATL,00-0041066
Bryce Lance,NO,00-0041067
Ephesians Prysock,SF,00-0041068
Colbie Young,CIN,00-0041069
Reggie Virgil,ARI,00-0041070
Sam Hecht,CAR,00-0041071
Nick Barrett,LAC,00-0041072
Parker Brailsford,CLE,00-0041073
Joshua Josephs,WAS,00-0041074
Justin Jefferson,CLE,00-0041075
Zakee Wheatley,CAR,00-0041076
Justin Joly,MIA,00-0041077
Jaden Dugger,SF,00-0041078
DeMonte Capehart,TB,00-0041079
George Gumbs Jr.,IND,00-0041080
Max Bredeson,MIN,00-0041081
Billy Schrauth,TB,00-0041082
Charles Demmings,MIN,00-0041083
Tanner Koziol,JAX,00-0041084
Keyshaun Elliott,CHI,00-0041085
Jalon Kilgore,BUF,00-0041086
Joe Royer,CLE,00-0041087
Karon Prunty,NE,00-0041088
Lorenzo Styles Jr.,NO,00-0041089
Enrique Cruz,SF,00-0041090
Zane Durant,BUF,00-0041091
Taylen Green,CLE,00-0041092
Karson Sharar,ARI,00-0041093
Bauer Sharp,TB,00-0041094
Bobby Jamison-Travis,NYG,00-0041095
Kaytron Allen,WAS,00-0041096
Anez Cooper,NYJ,00-0041097
Brian Parker II,CIN,00-0041098
Barion Brown,NO,00-0041099
Josh Cameron,JAX,00-0041100
J.C. Davis,NYG,00-0041101
Jack Kelly,NYG,00-0041102
Dametrious Crownover,NE,00-0041103
Demond Claiborne,MIN,00-0041104
Logan Taylor,LAC,00-0041105
C.J. Williams,JAX,00-0041106
Alex Harkey,LAC,00-0041107
Matt Gulbin,WAS,00-0041108
Namdi Obiazor,NE,00-0041109
Jordan van den Berg,CHI,00-0041110
Caden Curry,IND,00-0041111
Harold Perkins Jr.,ATL,00-0041112
Jayden Williams,ARI,00-0041113
TJ Hall,NO,00-0041114
Toriano Pride Jr.,CLE,00-0041115
Jack Endries,CIN,00-0041116
Athan Kaliakmanis,WAS,00-0041117
Landon Robinson,CIN,00-0041118
Jackson Kuwatch,CAR,00-0041119
VJ Payne,NYJ,00-0041120
Ethan Onianwa,ATL,00-0041121
Zach Durfee,JAX,00-0041122
Behren Morton,NE,00-0041123
Gavin Gerhardt,HOU,00-0041124
Seth McGowan,IND,00-0041125
Tommy Doman Jr.,BUF,00-0041126
Parker Hughes,JAX,00-0041127
Ar'maj Reed-Adams,BUF,00-0041128
Jam Miller,NE,00-0041129
Miles Scott,DEN,00-0041130
Carsen Ryan,CLE,00-0041131
Deion Burks,IND,00-0041132
Dallen Bentley,DEN,00-0041133
Red Murdock,DEN,00-0041134
Rene Konga,MIA,00-0041136
Kevin Cline,MIA,00-0041137
Albert Reese,CAR,00-0041138
Damon Bankston,GB,00-0041139
Anquin Barnes Jr.,NYG,00-0041140
Ben Barten,NYG,00-0041141
Thaddeus Dixon,NYG,00-0041142
Ben Mann,NYG,00-0041143
Ryan Schernecke,NYG,00-0041144
Dominic Zvada,NYG,00-0041145
Isaia Glass,CAR,00-0041146
Jaylon Guilbeau,PIT,00-0041147
Aaron Hall,CAR,00-0041148
Haynes King,CAR,00-0041149
Cam Miller,CAR,00-0041150
Parker Petersen,CAR,00-0041151
Kobe Prentice,NYG,00-0041152
Devonta Smith,CAR,00-0041153
Isaiah Smith,CAR,00-0041154
Mark Gronowski,HOU,00-0041156
Donaven McCulley,MIA,00-0041158
Rodney McGraw,MIA,00-0041159
Louis Moore,MIA,00-0041160
Le'Veon Moss,MIA,00-0041161
Mason Reiger,PHI,00-0041162
Kahlil Saunders,NO,00-0041163
Caden Barnett,CHI,00-0041164
Coleman Bennett,MIA,00-0041165
Beau Gardner,CHI,00-0041167
Omari Kelly,CHI,00-0041168
Jaren Kump,CHI,00-0041169
Hayden Large,CHI,00-0041170
Jayden Loving,CHI,00-0041171
Miller Moss,CHI,00-0041172
Mason Murphy,NO,00-0041173
Skyler Thomas,CHI,00-0041175
Jaden Bradley,WAS,00-0041176
Fred Davis,WAS,00-0041177
Robert Henry Jr.,WAS,00-0041178
Chris Hilton Jr.,GB,00-0041179
Quentin Moore,WAS,00-0041180
Malik Spencer,WAS,00-0041181
Drew Stevens,WAS,00-0041182
Tanoa Togiai,WAS,00-0041183
Carlos Allen Jr.,ATL,00-0041184
Vinny Anthony II,ATL,00-0041185
James Brockermeyer,ATL,00-0041186
Malcolm DeWalt IV,ATL,00-0041188
Cash Jones,ATL,00-0041191
Riley Mahlman,ATL,00-0041192
Jack Strand,ATL,00-0041194
Jack Velling,ATL,00-0041195
Mory Bamba,NYJ,00-0041196
Caullin Lacy,NYJ,00-0041199
Joey Aguilar,JAX,00-0041203
T.J. Bollers,JAX,00-0041204
Brady Boyd,JAX,00-0041205
Alex Bullock,JAX,00-0041206
Ethan Conner,MIA,00-0041207
Garrett DiGiorgio,JAX,00-0041208
Quindarius Dunnigan,JAX,00-0041209
Preston Hodge,JAX,00-0041210
Jalen Hunt,NE,00-0041211
Devin Neal,JAX,00-0041213
Jimto Obidegwu,JAX,00-0041214
Ben Patterson,CLE,00-0041215
Trebor Pena,JAX,00-0041216
J'Mari Taylor,JAX,00-0041217
Bryan Thomas Jr.,JAX,00-0041218
Jordan White,JAX,00-0041219
Michael Wortham,JAX,00-0041220
Theron Gaines,BUF,00-0041223
Da'Metrius Weatherspoon,BUF,00-0041224
Cameron Ball,IND,00-0041225
Austin Brown,IND,00-0041226
Tahj Chambers,IND,00-0041227
Sahmir Hagans,IND,00-0041228
Mitchell Melton,IND,00-0041230
Nolan Rucci,IND,00-0041232
Raylen Sharpe,IND,00-0041233
Geno VanDeMark,NYG,00-0041234
West Weeks,IND,00-0041236
Chase Curtis,NYJ,00-0041237
Xavier Hill,NYJ,00-0041238
Chip Trayanum,NYJ,00-0041239
Liam Brown,CIN,00-0041240
Kentrel Bullock,CIN,00-0041241
Jack Dingle,CIN,00-0041242
Eric Gentry,CIN,00-0041243
Jamal Haynes,CIN,00-0041244
Christian Jones,CIN,00-0041245
Josh Kattus,CIN,00-0041246
Corey Robinson II,CIN,00-0041247
Noah Thomas,CIN,00-0041248
Ceyair Wright,CIN,00-0041249
Jalon Daniels,TB,00-0041251
Kenny Fletcher Jr.,IND,00-0041252
Ayden Garnes,TB,00-0041253
Josiah Green,TB,00-0041254
Henry Lutovsky,TB,00-0041255
Jack Pyburn,KC,00-0041256
Eric Rivers Jr.,TB,00-0041257
Devan Boykin,PIT,00-0041259
Kevin Jobity Jr.,PIT,00-0041261
Lake McRee,PIT,00-0041263
Squirrel White,CHI,00-0041265
Keelan Marion,ATL,00-0041266
Malik McClain,NYJ,00-0041267
Cade Denhoff,BUF,00-0041268
Jordan Dunbar,BUF,00-0041269
Bruno Fina,BUF,00-0041270
Ja'Mori Maclin,BUF,00-0041272
Max Tomczak,BUF,00-0041274
Kani Walker,BUF,00-0041275
Kam Dewberry,ATL,00-0041276
Davon Booth,IND,00-0041277
Nate Evans,CLE,00-0041278
Logan Fano,CLE,00-0041279
Izavion Miller,CLE,00-0041282
DeCarlos Nicholson,CAR,00-0041283
Wes Pahl,CLE,00-0041284
Khordae Sydnor,CLE,00-0041285
Zion Washington,CLE,00-0041286
Kole Wilson,CLE,00-0041287
Tyreak Sapp,CLE,00-0041288
Brent Austin,DEN,00-0041289
Luke Basso,DEN,00-0041290
Kolbe Katsis,DEN,00-0041292
Dane Key,DEN,00-0041293
Joseph Manjack,DEN,00-0041294
Dasan McCullough,DEN,00-0041295
Tyler Miller,DEN,00-0041296
Gavin Ortega,DEN,00-0041297
Parker Robertson,DEN,00-0041298
Cameron Ross,DEN,00-0041299
William Wright,CHI,00-0041300
Taurean York,DEN,00-0041301
Dominic Bailey,HOU,00-0041302
Sam Hagen,HOU,00-0041303
Stephen Hall,HOU,00-0041304
Sabastian Harsh,HOU,00-0041305
James Neal III,HOU,00-0041306
Treyvhon Saunders,HOU,00-0041308
Daniel Sobkowicz,HOU,00-0041309
Noah Whittington,HOU,00-0041312
Collin Wright,HOU,00-0041313
Tanner Arkin,NE,00-0041314
David Blay Jr.,PHI,00-0041315
Channing Canada,NE,00-0041316
Nick DeGennaro,NE,00-0041317
Kyle Dixon,NE,00-0041318
Cameron Dorner,NE,00-0041319
Kenneth Harris,IND,00-0041320
Khalil Jacobs,NE,00-0041321
Jimmy Kibble,NE,00-0041322
Myles Montgomery,NE,00-0041323
JonDarius Morgan,NE,00-0041324
Jacob Rizy,NE,00-0041325
CJ Donaldson,NO,00-0041326
Cody Hardy,NO,00-0041327
Michael Heldman,NO,00-0041329
Alan Herron,NO,00-0041330
Jeremiah McClendon,CLE,00-0041332
Jay'Viar Suggs,NO,00-0041335
Alex Wollschlaeger,NO,00-0041336
Caden Fordham,TB,00-0041338
Deshawn McKnight,TB,00-0041339
Marcus Allen,MIN,00-0041340
Da'Veawn Armstead,MIN,00-0041341
Dillon Bell,MIN,00-0041342
Tyreek Chappell,MIN,00-0041344
Tristan Leigh,MIN,00-0041348
Delby Lemieux,MIN,00-0041349
Tomas Rimac,MIN,00-0041351
Marcus Sanders Jr.,MIN,00-0041352
Cam'Ron Stewart,MIN,00-0041353
Jacob Thomas,MIN,00-0041354
Arden Walker,GB,00-0041355
Khalil Dinkins,SF,00-0041357
Bryson Eason,KC,00-0041358
Wesley Grimes,SF,00-0041359
Mikail Kamara,SF,00-0041360
Will Pauling,SF,00-0041361
Jalen Stroman,SF,00-0041362
James Thompson Jr.,SF,00-0041363
Elijah Culp,ARI,00-0041364
Ka'ena Decambra,HOU,00-0041365
Jameson Geers,ARI,00-0041366
Cam Robertson,ARI,00-0041367
Harrison Wallace III,ARI,00-0041368
Damonic Williams,ARI,00-0041369
Wydett Williams Jr.,ARI,00-0041370
Noah Avinger,LAC,00-0041371
Lander Barton,LAC,00-0041372
Jerand Bradley,LAC,00-0041373
Sincere Brown,LAC,00-0041374
Jahmeer Carter,LAC,00-0041375
Gregory Desrosiers,LAC,00-0041376
Devin Grant,LAC,00-0041377
Jacobian Guillory,LAC,00-0041378
Niles King,KC,00-0041379
Devonte Ross,LAC,00-0041380
Rodney Shelley,LAC,00-0041381
Avery Smith,SEA,00-0041382
Jacob Spomer,LAC,00-0041383
Evan Svoboda,LAC,00-0041384
Nadame Tucker,CLE,00-0041385
Terry Webb,LAC,00-0041386
Isaiah World,LAC,00-0041387
Christen Miller,NO,00-0041390
Davison Igbinosun,BUF,00-0041391
Jake Slaughter,LAC,00-0041392
Daylen Everette,PIT,00-0041393
Keagen Trost,LA,00-0041394
Eli Raridon,NE,00-0041395
Gennings Dunker,PIT,00-0041396
Kaden Wetjen,PIT,00-0041397
Riley Nowakowski,PIT,00-0041398
CJ Daniels,LA,00-0041399
Gabe Rubio,PIT,00-0041400
Robert Spears-Jennings,PIT,00-0041401
Quintayvious Hutchins,NE,00-0041402
Rohan Jones,LA,00-0041403
Wesley Bailey,LA,00-0041404
Peter Manuma,NE,00-0041405
Larry Worth,SF,00-0041406
Wayne Matthews II,CHI,00-0041408
Daveren Rayner,ATL,00-0041409
Jaden Keller,NYJ,00-0041410
Michael Coats Jr.,CLE,00-0041411
Xavier Holmes,NE,00-0041412
Nick Andersen,LA,00-0041413
Matthew Caldwell,LA,00-0041414
Dean Connors,LA,00-0041415
Nyzier Fourqurean,LA,00-0041416
"Al'zillion ""AZ"" Hamilton",LA,00-0041417
Bryce Henderson,LA,00-0041418
Nikhai Hill-Green,LA,00-0041419
Darryl Peterson III,LA,00-0041421
Dan Villari,LA,00-0041422
Payton Zdroik,LA,00-0041423
Javin Wright,TB,00-0041424
Austin Blaske,LA,00-0041425
Jaxson Moi,LA,00-0041428
Eddie Walls III,LA,00-0041429
Greg Crippen,PIT,00-0041430
Bangally Kamara,MIN,00-0041431
Smith Vilbert,MIN,00-0041432
Yasir Holmes,TB,00-0041434
Dean Patterson IV,TB,00-0041435
DJ Herman,MIA,00-0041436
DJ Wingfield,DAL,00-0041437
Carnell Tate,TEN,00-0041438
Blake Miller,DET,00-0041439
Kayden McDonald,HOU,00-0041440
Derrick Moore,DET,00-0041441
Jimmy Rolder,DET,00-0041442
Skyler Bell,BUF,00-0041443
Kaleb Elarms-Orr,BUF,00-0041444
Keith Abney II,DET,00-0041445
Kendrick Law,DET,00-0041446
Skyler Gill-Howard,DET,00-0041447
Tyre West,DET,00-0041448
Aiden Fisher,HOU,00-0041449
Brock Rechsteiner,NO,00-0041451
Johnny Pascuzzi,LAC,00-0041452
Luke Altmyer,DET,00-0041453
Aamaris Brown,DET,00-0041454
Erick Hunter,NE,00-0041455
Anthony Lucas,DET,00-0041458
Eric O'Neill,DET,00-0041459
Melvin Priestly,DET,00-0041460
Colton Hood,NYG,00-0041462
Bud Clark,SEA,00-0041463
Tacario Davis,CIN,00-0041464
Wade Woodaz,HOU,00-0041465
Kamari Ramsey,HOU,00-0041466
Lewis Bond,HOU,00-0041467
Chase Bisontis,ARI,00-0041468
Avieon Terrell,ATL,00-0041469
Brandon Cisse,GB,00-0041470
Emmanuel McNeil-Warren,CLE,00-0041471
Marlin Klein,HOU,00-0041472
Stephen Dix Jr,MIA,00-0041473
Trayvon Rudolph,MIN,00-0041475
Rashad Rochelle,SEA,00-0041476
Lee Hunter,CAR,00-0041478
Anthony Hill Jr.,TEN,00-0041479
Terrill Davis,MIN,00-0041481
Max Iheanachor,PIT,00-0041482
Eli Stowers,PHI,00-0041483
Anterio Thompson,ATL,00-0041484
Miles Davis,CAR,00-0041485
Anderson Castle,IND,00-0041486
Tywone Malone,CAR,00-0041487
Tamon Lynum,PIT,00-0041488
Germie Bernard,PIT,00-0041489
Eli Heidenreich,PIT,00-0041490
Reid Carrico,TEN,00-0041492
Marlon Jones,GB,00-0041493
Zion Young,BAL,00-0041494
Jake Golday,MIN,00-0041495
Jonah Coleman,DEN,00-0041496
Jadon Canady,KC,00-0041497
Kage Casey,DEN,00-0041498
Travis Shaw,TB,00-0041500
R Mason Thomas,KC,00-0041501
Josiah Trotter,TB,00-0041502
Nate Boerkircher,JAX,00-0041503
Francis Mauigoa,NYG,00-0041505
Courtland Ford,NYJ,00-0041507
Keldric Faulk,TEN,00-0041508
Arvell Reese,NYG,00-0041509
Max Klare,LA,00-0041510
Omar Cooper Jr.,NYJ,00-0041511
Jadarian Price,SEA,00-0041512
Josh Kreutz,IND,00-0041513
Jai'Onte' McMillan,MIA,00-0041514
Chase Wilson,NYJ,00-0041515
Jalen Farmer,IND,00-0041517
Bryce Boettcher,IND,00-0041518
Derrick Graham,SEA,00-0041519
Kadyn Proctor,MIA,00-0041521
Jacob Rodriguez,MIA,00-0041522
Caleb Douglas,MIA,00-0041523
Will Kacmarek,MIA,00-0041524
Chris Bell,MIA,00-0041525
Trey Moore,MIA,00-0041526
Kyle Louis,MIA,00-0041527
Michael Taaffe,MIA,00-0041528
Kevin Coleman Jr.,MIA,00-0041529
DJ Campbell,MIA,00-0041530
Max Llewellyn,MIA,00-0041531
Keylan Rutledge,HOU,00-0041532
Chris Johnson,MIA,00-0041533
Tim Keenan III,LV,00-0041534
Louis Hansen,HOU,00-0041535
Malachi Lawrence,DAL,00-0041537
Dillon Thieneman,CHI,00-0041538
Logan Jones,CHI,00-0041539
Zion Wilson,PHI,00-0041540
Caleb Lomu,NE,00-0041541
Mansoor Delane,KC,00-0041543
Akheem Mesidor,LAC,00-0041544
Peter Woods,KC,00-0041545
Cashius Howell,CIN,00-0041546
KC Concepcion,CLE,00-0041547
Jude Bowry,BUF,00-0041548
Darrell Jackson Jr.,NYJ,00-0041549
Brenen Thompson,LAC,00-0041550
Tyler Onyedim,DEN,00-0041552
Keyron Crawford,LV,00-0041553
Markel Bell,PHI,00-0041554
Kaleb Proctor,ARI,00-0041555
Romello Height,SF,00-0041556
Gracen Halton,SF,00-0041557
Sam Roush,CHI,00-0041558
Febechi Nwaiwu,HOU,00-0041559
Jack Bouwmeester,LA,00-0041560
Carson Beck,ARI,00-0041561
Fernando Mendoza,LV,00-0041562
Jermod McCoy,LV,00-0041563
Riley Wilson,NE,00-0041564
Drew Allar,PIT,00-0041565
Jeremiah Franklin,MIA,00-0041566
Ty Simpson,LA,00-0041568
Gabe Jacas,NE,00-0041569
Tyler Moore,IND,00-0041570
Liam Clifford,LAC,00-0041571
Roydell Williams,DET,00-0041572
Jarod Washington,MIN,00-0041573
Mekhi Rodgers,IND,00-0041574
Jeff Weimer,KC,00-0041575
Drew Biber,CLE,00-0041576
Connor Hulstein,NYJ,00-0041577
Jarrod Gray,NYG,00-0041578
Seydou Traore,MIA,00-0041579
Uar Bernard,PHI,00-0041580
Brett Thorson,MIN,00-0041581
Kansei Matsuzawa,LV,00-0041582
Paul Rubelt,TB,00-0041583
Jordan Washington,SEA,00-0041584
Grant Finley,NYG,00-0041585
Eric Butler,NE,00-0041586
Daniel Rickert,LA,00-0041587
Justin Jones,SEA,00-0041588
Ricardo Hallman,DEN,00-0041589
Malakai Williams,NO,00-0041590
Brien Taylor,NO,00-0041591
Xavier Williams,TB,00-0041592
Keveion'ta Spears,ARI,00-0041594
Barika Kpeenu,TB,00-0041595
Cam Rice,MIA,00-0041596
Devyn Bobby,ARI,00-0041597
Alex Tecza,PIT,00-0041598
Matthew Henry,TB,00-0041599
Al-Jay Henderson,NYJ,
