feature,importance_mean,model
spread_line,0.19918634,spread
awayTeamBlowoutPct,0.11957419,spread
awayTeamWinPct,0.11883745,spread
homeTeamWinPct,0.114529416,spread
homeTeamAvgPointDiff,0.11373623,spread
awayTeamSpreadCoveredPct,0.11192629,spread
homeTeamSpreadCoveredPct,0.11189491,spread
homeTeamBlowoutPct,0.110315226,spread
awayTeamGamesPlayed,0.17616312,moneyline
spread_line,0.14778489,moneyline
homeTeamSpreadCoveredPct,0.122187,moneyline
homeTeamOverHitPct,0.12116948,moneyline
homeTeamWinPct,0.11615917,moneyline
awayTeamWinPct,0.11126235,moneyline
homeTeamAvgTotal,0.10418049,moneyline
homeTeamBlowoutPct,0.10109354,moneyline
total_line,0.25281188,totals
awayTeamAvgTotal,0.13282277,totals
homeTeamAvgPointSpread,0.12852687,totals
homeTeamOverHitPct,0.12576929,totals
home_spread_odds,0.121653885,totals
awayTeamBlowoutPct,0.12099152,totals
over_odds,0.11742381,totals
