week,game_date,player_name,display_name,position,team,opponent,is_home,prop_type,line_type,line_value,prob_over,prob_under,recommendation,confidence
1,2026-09-13,B.Young,Bryce Young,QB,CAR,CHI,True,passing_yards,starter,200.0,0.3469387755102041,0.653061224489796,UNDER,0.653061224489796
1,2026-09-13,B.Young,Bryce Young,QB,CAR,CHI,True,passing_tds,starter,0.5,0.6530612244897959,0.34693877551020413,OVER,0.6530612244897959
1,2026-09-13,B.Young,Bryce Young,QB,CAR,CHI,True,passing_yards,starter,200.0,0.02127659574468085,0.9787234042553191,UNDER,0.9787234042553191
1,2026-09-13,B.Young,Bryce Young,QB,CAR,CHI,True,passing_tds,starter,0.5,0.02127659574468085,0.9787234042553191,UNDER,0.9787234042553191
1,2026-09-13,B.Tremayne,Brycen Tremayne,WR,CAR,CHI,True,receiving_yards,starter,27.0,0.36363636363636365,0.6363636363636364,UNDER,0.6363636363636364
1,2026-09-13,B.Tremayne,Brycen Tremayne,WR,CAR,CHI,True,receiving_tds,starter,0.0,0.9090909090909091,0.09090909090909094,OVER,0.9090909090909091
1,2026-09-13,B.Tremayne,Brycen Tremayne,WR,CAR,CHI,True,receptions,starter,3.5,0.09090909090909091,0.9090909090909091,UNDER,0.9090909090909091
1,2026-09-13,J.Coker,Jalen Coker,WR,CAR,CHI,True,receiving_yards,starter,27.0,0.68,0.31999999999999995,OVER,0.68
1,2026-09-13,J.Coker,Jalen Coker,WR,CAR,CHI,True,receiving_tds,starter,0.0,0.96,0.040000000000000036,OVER,0.96
1,2026-09-13,J.Coker,Jalen Coker,WR,CAR,CHI,True,receptions,starter,3.5,0.4,0.6,UNDER,0.6
1,2026-09-13,C.Williams,Caleb Williams,QB,CHI,CAR,False,passing_yards,starter,200.0,0.631578947368421,0.368421052631579,OVER,0.631578947368421
1,2026-09-13,C.Williams,Caleb Williams,QB,CHI,CAR,False,passing_tds,starter,0.5,0.7105263157894737,0.2894736842105263,OVER,0.7105263157894737
1,2026-09-13,C.Kmet,Cole Kmet,TE,CHI,CAR,False,receiving_yards,starter,27.0,0.1111111111111111,0.8888888888888888,UNDER,0.8888888888888888
1,2026-09-13,C.Kmet,Cole Kmet,TE,CHI,CAR,False,receiving_tds,starter,0.0,0.1111111111111111,0.8888888888888888,UNDER,0.8888888888888888
1,2026-09-13,C.Kmet,Cole Kmet,TE,CHI,CAR,False,receptions,starter,3.5,0.1111111111111111,0.8888888888888888,UNDER,0.8888888888888888
1,2026-09-13,C.Williams,Caleb Williams,QB,CHI,CAR,False,passing_yards,starter,200.0,0.02631578947368421,0.9736842105263158,UNDER,0.9736842105263158
1,2026-09-13,C.Williams,Caleb Williams,QB,CHI,CAR,False,passing_tds,starter,0.5,0.02631578947368421,0.9736842105263158,UNDER,0.9736842105263158
1,2026-09-13,C.Kmet,Cole Kmet,TE,CHI,CAR,False,receiving_yards,starter,27.0,0.5151515151515151,0.48484848484848486,OVER,0.5151515151515151
1,2026-09-13,C.Kmet,Cole Kmet,TE,CHI,CAR,False,receiving_tds,starter,0.0,0.98989898989899,0.010101010101010055,OVER,0.98989898989899
1,2026-09-13,C.Kmet,Cole Kmet,TE,CHI,CAR,False,receptions,starter,3.5,0.35353535353535354,0.6464646464646464,UNDER,0.6464646464646464
1,2026-09-13,C.Loveland,Colston Loveland,TE,CHI,CAR,False,receiving_yards,starter,27.0,0.75,0.25,OVER,0.75
1,2026-09-13,C.Loveland,Colston Loveland,TE,CHI,CAR,False,receiving_tds,starter,0.0,0.95,0.050000000000000044,OVER,0.95
1,2026-09-13,C.Loveland,Colston Loveland,TE,CHI,CAR,False,receptions,starter,3.5,0.5,0.5,OVER,0.5
1,2026-09-13,J.Burrow,Joe Burrow,QB,CIN,TB,True,passing_yards,starter,200.0,0.813953488372093,0.18604651162790697,OVER,0.813953488372093
1,2026-09-13,J.Burrow,Joe Burrow,QB,CIN,TB,True,passing_tds,starter,0.5,0.8604651162790697,0.13953488372093026,OVER,0.8604651162790697
1,2026-09-13,J.Flacco,Joe Flacco,QB,CIN,TB,True,passing_yards,starter,200.0,0.5,0.5,OVER,0.5
1,2026-09-13,J.Flacco,Joe Flacco,QB,CIN,TB,True,passing_tds,starter,0.5,0.7,0.30000000000000004,OVER,0.7
1,2026-09-13,J.Burrow,Joe Burrow,QB,CIN,TB,True,passing_yards,starter,200.0,0.012345679012345678,0.9876543209876543,UNDER,0.9876543209876543
1,2026-09-13,J.Burrow,Joe Burrow,QB,CIN,TB,True,passing_tds,starter,0.5,0.012345679012345678,0.9876543209876543,UNDER,0.9876543209876543
1,2026-09-13,J.Flacco,Joe Flacco,QB,CIN,TB,True,passing_yards,starter,200.0,0.1111111111111111,0.8888888888888888,UNDER,0.8888888888888888
1,2026-09-13,J.Flacco,Joe Flacco,QB,CIN,TB,True,passing_tds,starter,0.5,0.1111111111111111,0.8888888888888888,UNDER,0.8888888888888888
1,2026-09-13,A.Iosivas,Andrei Iosivas,WR,CIN,TB,True,receiving_yards,starter,27.0,0.4418604651162791,0.5581395348837209,UNDER,0.5581395348837209
1,2026-09-13,A.Iosivas,Andrei Iosivas,WR,CIN,TB,True,receiving_tds,starter,0.0,0.9767441860465116,0.023255813953488413,OVER,0.9767441860465116
1,2026-09-13,A.Iosivas,Andrei Iosivas,WR,CIN,TB,True,receptions,starter,3.5,0.20930232558139536,0.7906976744186046,UNDER,0.7906976744186046
1,2026-09-13,B.Mayfield,Baker Mayfield,QB,TB,CIN,False,passing_yards,starter,200.0,0.6785714285714286,0.3214285714285714,OVER,0.6785714285714286
1,2026-09-13,B.Mayfield,Baker Mayfield,QB,TB,CIN,False,passing_tds,starter,0.5,0.9107142857142857,0.0892857142857143,OVER,0.9107142857142857
1,2026-09-13,B.Irving,Bucky Irving,RB,TB,CIN,False,rushing_yards,starter,24.0,0.8333333333333334,0.16666666666666663,OVER,0.8333333333333334
1,2026-09-13,B.Irving,Bucky Irving,RB,TB,CIN,False,rushing_tds,starter,0.0,0.9666666666666667,0.033333333333333326,OVER,0.9666666666666667
1,2026-09-13,B.Irving,Bucky Irving,RB,TB,CIN,False,receptions,starter,3.5,0.03333333333333333,0.9666666666666667,UNDER,0.9666666666666667
1,2026-09-13,B.Mayfield,Baker Mayfield,QB,TB,CIN,False,passing_yards,starter,200.0,0.019230769230769232,0.9807692307692307,UNDER,0.9807692307692307
1,2026-09-13,B.Mayfield,Baker Mayfield,QB,TB,CIN,False,passing_tds,starter,0.5,0.019230769230769232,0.9807692307692307,UNDER,0.9807692307692307
1,2026-09-13,J.McMillan,Jalen McMillan,WR,TB,CIN,False,receiving_yards,starter,27.0,0.14285714285714285,0.8571428571428572,UNDER,0.8571428571428572
1,2026-09-13,J.McMillan,Jalen McMillan,WR,TB,CIN,False,receiving_tds,starter,0.0,0.14285714285714285,0.8571428571428572,UNDER,0.8571428571428572
1,2026-09-13,J.McMillan,Jalen McMillan,WR,TB,CIN,False,receptions,starter,3.5,0.14285714285714285,0.8571428571428572,UNDER,0.8571428571428572
1,2026-09-13,B.Irving,Bucky Irving,RB,TB,CIN,False,rushing_yards,starter,24.0,0.03571428571428571,0.9642857142857143,UNDER,0.9642857142857143
1,2026-09-13,B.Irving,Bucky Irving,RB,TB,CIN,False,rushing_tds,starter,0.0,0.03571428571428571,0.9642857142857143,UNDER,0.9642857142857143
1,2026-09-13,B.Irving,Bucky Irving,RB,TB,CIN,False,receptions,starter,3.5,0.32142857142857145,0.6785714285714286,UNDER,0.6785714285714286
1,2026-09-13,C.Godwin,Chris Godwin,WR,TB,CIN,False,receiving_yards,starter,27.0,0.8674698795180723,0.1325301204819277,OVER,0.8674698795180723
1,2026-09-13,C.Godwin,Chris Godwin,WR,TB,CIN,False,receiving_tds,starter,0.0,0.9879518072289156,0.012048192771084376,OVER,0.9879518072289156
1,2026-09-13,C.Godwin,Chris Godwin,WR,TB,CIN,False,receptions,starter,3.5,0.8072289156626506,0.19277108433734935,OVER,0.8072289156626506
1,2026-09-13,C.Otton,Cade Otton,TE,TB,CIN,False,receiving_yards,starter,27.0,0.5692307692307692,0.4307692307692308,OVER,0.5692307692307692
1,2026-09-13,C.Otton,Cade Otton,TE,TB,CIN,False,receiving_tds,starter,0.0,0.9846153846153847,0.01538461538461533,OVER,0.9846153846153847
1,2026-09-13,C.Otton,Cade Otton,TE,TB,CIN,False,receptions,starter,3.5,0.46153846153846156,0.5384615384615384,UNDER,0.5384615384615384
1,2026-09-13,D.Montgomery,D.J. Montgomery,WR,DET,NO,True,receiving_yards,starter,27.0,0.14285714285714285,0.8571428571428572,UNDER,0.8571428571428572
1,2026-09-13,D.Montgomery,D.J. Montgomery,WR,DET,NO,True,receiving_tds,starter,0.0,0.14285714285714285,0.8571428571428572,UNDER,0.8571428571428572
1,2026-09-13,D.Montgomery,D.J. Montgomery,WR,DET,NO,True,receptions,starter,3.5,0.14285714285714285,0.8571428571428572,UNDER,0.8571428571428572
1,2026-09-13,J.Goff,Jared Goff,QB,DET,NO,True,passing_yards,starter,200.0,0.875,0.125,OVER,0.875
1,2026-09-13,J.Goff,Jared Goff,QB,DET,NO,True,passing_tds,starter,0.5,0.8522727272727273,0.1477272727272727,OVER,0.8522727272727273
1,2026-09-13,D.Montgomery,D.J. Montgomery,WR,DET,NO,True,receiving_yards,starter,27.0,0.0196078431372549,0.9803921568627451,UNDER,0.9803921568627451
1,2026-09-13,D.Montgomery,D.J. Montgomery,WR,DET,NO,True,receiving_tds,starter,0.0,0.0196078431372549,0.9803921568627451,UNDER,0.9803921568627451
1,2026-09-13,D.Montgomery,D.J. Montgomery,WR,DET,NO,True,receptions,starter,3.5,0.0196078431372549,0.9803921568627451,UNDER,0.9803921568627451
1,2026-09-13,J.Gibbs,Jahmyr Gibbs,RB,DET,NO,True,rushing_yards,starter,24.0,0.9272727272727272,0.07272727272727275,OVER,0.9272727272727272
1,2026-09-13,J.Gibbs,Jahmyr Gibbs,RB,DET,NO,True,rushing_tds,starter,0.0,0.9818181818181818,0.018181818181818188,OVER,0.9818181818181818
1,2026-09-13,J.Gibbs,Jahmyr Gibbs,RB,DET,NO,True,receptions,starter,3.5,0.01818181818181818,0.9818181818181818,UNDER,0.9818181818181818
1,2026-09-13,J.Goff,Jared Goff,QB,DET,NO,True,passing_yards,starter,200.0,0.015151515151515152,0.9848484848484849,UNDER,0.9848484848484849
1,2026-09-13,J.Goff,Jared Goff,QB,DET,NO,True,passing_tds,starter,0.5,0.015151515151515152,0.9848484848484849,UNDER,0.9848484848484849
1,2026-09-13,A.Firkser,Anthony Firkser,TE,DET,NO,True,receiving_yards,starter,27.0,0.25,0.75,UNDER,0.75
1,2026-09-13,A.Firkser,Anthony Firkser,TE,DET,NO,True,receiving_tds,starter,0.0,0.875,0.125,OVER,0.875
1,2026-09-13,A.Firkser,Anthony Firkser,TE,DET,NO,True,receptions,starter,3.5,0.25,0.75,UNDER,0.75
1,2026-09-13,A.St. Brown,Amon-Ra St. Brown,WR,DET,NO,True,receiving_yards,starter,27.0,0.8522727272727273,0.1477272727272727,OVER,0.8522727272727273
1,2026-09-13,A.St. Brown,Amon-Ra St. Brown,WR,DET,NO,True,receiving_tds,starter,0.0,0.9886363636363636,0.011363636363636354,OVER,0.9886363636363636
1,2026-09-13,A.St. Brown,Amon-Ra St. Brown,WR,DET,NO,True,receptions,starter,3.5,0.8636363636363636,0.13636363636363635,OVER,0.8636363636363636
1,2026-09-13,D.Montgomery,D.J. Montgomery,WR,DET,NO,True,receiving_yards,starter,27.0,0.1956521739130435,0.8043478260869565,UNDER,0.8043478260869565
1,2026-09-13,D.Montgomery,D.J. Montgomery,WR,DET,NO,True,receiving_tds,starter,0.0,0.9782608695652174,0.021739130434782594,OVER,0.9782608695652174
1,2026-09-13,D.Montgomery,D.J. Montgomery,WR,DET,NO,True,receptions,starter,3.5,0.10869565217391304,0.8913043478260869,UNDER,0.8913043478260869
1,2026-09-13,A.Estime,Audric Estimé,RB,NO,DET,False,rushing_yards,starter,24.0,0.42857142857142855,0.5714285714285714,UNDER,0.5714285714285714
1,2026-09-13,A.Estime,Audric Estimé,RB,NO,DET,False,rushing_tds,starter,0.0,0.8571428571428571,0.1428571428571429,OVER,0.8571428571428571
1,2026-09-13,A.Estime,Audric Estimé,RB,NO,DET,False,receptions,starter,3.5,0.14285714285714285,0.8571428571428572,UNDER,0.8571428571428572
1,2026-09-13,E.Hull,Evan Hull,RB,NO,DET,False,rushing_yards,starter,24.0,0.125,0.875,UNDER,0.875
1,2026-09-13,E.Hull,Evan Hull,RB,NO,DET,False,rushing_tds,starter,0.0,0.875,0.125,OVER,0.875
1,2026-09-13,E.Hull,Evan Hull,RB,NO,DET,False,receptions,starter,3.5,0.125,0.875,UNDER,0.875
1,2026-09-13,M.Tipton,Mason Tipton,WR,NO,DET,False,receiving_yards,starter,27.0,0.16666666666666666,0.8333333333333334,UNDER,0.8333333333333334
1,2026-09-13,M.Tipton,Mason Tipton,WR,NO,DET,False,receiving_tds,starter,0.0,0.16666666666666666,0.8333333333333334,UNDER,0.8333333333333334
1,2026-09-13,M.Tipton,Mason Tipton,WR,NO,DET,False,receptions,starter,3.5,0.16666666666666666,0.8333333333333334,UNDER,0.8333333333333334
1,2026-09-13,A.Estime,Audric Estimé,RB,NO,DET,False,rushing_yards,starter,24.0,0.16666666666666666,0.8333333333333334,UNDER,0.8333333333333334
1,2026-09-13,A.Estime,Audric Estimé,RB,NO,DET,False,rushing_tds,starter,0.0,0.16666666666666666,0.8333333333333334,UNDER,0.8333333333333334
1,2026-09-13,A.Estime,Audric Estimé,RB,NO,DET,False,receptions,starter,3.5,0.3333333333333333,0.6666666666666667,UNDER,0.6666666666666667
1,2026-09-13,C.Olave,Chris Olave,WR,NO,DET,False,receiving_yards,starter,27.0,0.8421052631578947,0.1578947368421053,OVER,0.8421052631578947
1,2026-09-13,C.Olave,Chris Olave,WR,NO,DET,False,receiving_tds,starter,0.0,0.9824561403508771,0.01754385964912286,OVER,0.9824561403508771
1,2026-09-13,C.Olave,Chris Olave,WR,NO,DET,False,receptions,starter,3.5,0.7368421052631579,0.26315789473684215,OVER,0.7368421052631579
1,2026-09-13,D.Pettis,Dante Pettis,WR,NO,DET,False,receiving_yards,starter,27.0,0.35714285714285715,0.6428571428571428,UNDER,0.6428571428571428
1,2026-09-13,D.Pettis,Dante Pettis,WR,NO,DET,False,receiving_tds,starter,0.0,0.9285714285714286,0.0714285714285714,OVER,0.9285714285714286
1,2026-09-13,D.Pettis,Dante Pettis,WR,NO,DET,False,receptions,starter,3.5,0.14285714285714285,0.8571428571428572,UNDER,0.8571428571428572
1,2026-09-13,C.Stroud,C.J. Stroud,QB,HOU,BUF,True,passing_yards,starter,200.0,0.7222222222222222,0.2777777777777778,OVER,0.7222222222222222
1,2026-09-13,C.Stroud,C.J. Stroud,QB,HOU,BUF,True,passing_tds,starter,0.5,0.7592592592592593,0.2407407407407407,OVER,0.7592592592592593
1,2026-09-13,D.Mills,Davis Mills,QB,HOU,BUF,True,passing_yards,starter,200.0,0.3695652173913043,0.6304347826086957,UNDER,0.6304347826086957
1,2026-09-13,D.Mills,Davis Mills,QB,HOU,BUF,True,passing_tds,starter,0.5,0.5217391304347826,0.4782608695652174,OVER,0.5217391304347826
1,2026-09-13,C.Stover,Cade Stover,TE,HOU,BUF,True,receiving_yards,starter,27.0,0.2,0.8,UNDER,0.8
1,2026-09-13,C.Stover,Cade Stover,TE,HOU,BUF,True,receiving_tds,starter,0.0,0.2,0.8,UNDER,0.8
1,2026-09-13,C.Stover,Cade Stover,TE,HOU,BUF,True,receptions,starter,3.5,0.2,0.8,UNDER,0.8
1,2026-09-13,C.Stroud,C.J. Stroud,QB,HOU,BUF,True,passing_yards,starter,200.0,0.019230769230769232,0.9807692307692307,UNDER,0.9807692307692307
1,2026-09-13,C.Stroud,C.J. Stroud,QB,HOU,BUF,True,passing_tds,starter,0.5,0.019230769230769232,0.9807692307692307,UNDER,0.9807692307692307
1,2026-09-13,C.Kirk,Christian Kirk,WR,HOU,BUF,True,receiving_yards,starter,27.0,0.3333333333333333,0.6666666666666667,UNDER,0.6666666666666667
1,2026-09-13,C.Kirk,Christian Kirk,WR,HOU,BUF,True,receiving_tds,starter,0.0,0.9333333333333333,0.06666666666666665,OVER,0.9333333333333333
1,2026-09-13,C.Kirk,Christian Kirk,WR,HOU,BUF,True,receptions,starter,3.5,0.3333333333333333,0.6666666666666667,UNDER,0.6666666666666667
1,2026-09-13,C.Stover,Cade Stover,TE,HOU,BUF,True,receiving_yards,starter,27.0,0.125,0.875,UNDER,0.875
1,2026-09-13,C.Stover,Cade Stover,TE,HOU,BUF,True,receiving_tds,starter,0.0,0.9583333333333334,0.04166666666666663,OVER,0.9583333333333334
1,2026-09-13,C.Stover,Cade Stover,TE,HOU,BUF,True,receptions,starter,3.5,0.125,0.875,UNDER,0.875
1,2026-09-13,D.Ogunbowale,Dare Ogunbowale,RB,HOU,BUF,True,rushing_yards,starter,24.0,0.02702702702702703,0.972972972972973,UNDER,0.972972972972973
1,2026-09-13,D.Ogunbowale,Dare Ogunbowale,RB,HOU,BUF,True,rushing_tds,starter,0.0,0.02702702702702703,0.972972972972973,UNDER,0.972972972972973
1,2026-09-13,D.Ogunbowale,Dare Ogunbowale,RB,HOU,BUF,True,receptions,starter,3.5,0.13513513513513514,0.8648648648648649,UNDER,0.8648648648648649
1,2026-09-13,M.Trubisky,Mitchell Trubisky,QB,BUF,HOU,False,passing_yards,starter,200.0,0.14285714285714285,0.8571428571428572,UNDER,0.8571428571428572
1,2026-09-13,M.Trubisky,Mitchell Trubisky,QB,BUF,HOU,False,passing_tds,starter,0.5,0.2857142857142857,0.7142857142857143,UNDER,0.7142857142857143
1,2026-09-13,J.Cook,James Cook,RB,BUF,HOU,False,rushing_yards,starter,24.0,0.8157894736842105,0.1842105263157895,OVER,0.8157894736842105
1,2026-09-13,J.Cook,James Cook,RB,BUF,HOU,False,rushing_tds,starter,0.0,0.9868421052631579,0.013157894736842146,OVER,0.9868421052631579
1,2026-09-13,J.Cook,James Cook,RB,BUF,HOU,False,receptions,starter,3.5,0.013157894736842105,0.9868421052631579,UNDER,0.9868421052631579
1,2026-09-13,M.Trubisky,Mitchell Trubisky,QB,BUF,HOU,False,passing_yards,starter,200.0,0.05555555555555555,0.9444444444444444,UNDER,0.9444444444444444
1,2026-09-13,M.Trubisky,Mitchell Trubisky,QB,BUF,HOU,False,passing_tds,starter,0.5,0.05555555555555555,0.9444444444444444,UNDER,0.9444444444444444
1,2026-09-13,B.Cooks,Brandin Cooks,WR,BUF,HOU,False,receiving_yards,starter,27.0,0.375,0.625,UNDER,0.625
1,2026-09-13,B.Cooks,Brandin Cooks,WR,BUF,HOU,False,receiving_tds,starter,0.0,0.875,0.125,OVER,0.875
1,2026-09-13,B.Cooks,Brandin Cooks,WR,BUF,HOU,False,receptions,starter,3.5,0.25,0.75,UNDER,0.75
1,2026-09-13,C.Samuel,Curtis Samuel,WR,BUF,HOU,False,receiving_yards,starter,27.0,0.25,0.75,UNDER,0.75
1,2026-09-13,C.Samuel,Curtis Samuel,WR,BUF,HOU,False,receiving_tds,starter,0.0,0.9583333333333334,0.04166666666666663,OVER,0.9583333333333334
1,2026-09-13,C.Samuel,Curtis Samuel,WR,BUF,HOU,False,receptions,starter,3.5,0.16666666666666666,0.8333333333333334,UNDER,0.8333333333333334
1,2026-09-13,D.Kincaid,Dalton Kincaid,TE,BUF,HOU,False,receiving_yards,starter,27.0,0.7,0.30000000000000004,OVER,0.7
1,2026-09-13,D.Kincaid,Dalton Kincaid,TE,BUF,HOU,False,receiving_tds,starter,0.0,0.98,0.020000000000000018,OVER,0.98
1,2026-09-13,D.Kincaid,Dalton Kincaid,TE,BUF,HOU,False,receptions,starter,3.5,0.56,0.43999999999999995,OVER,0.56
1,2026-09-13,P.Rivers,Philip Rivers,QB,IND,BAL,True,passing_yards,starter,200.0,0.7727272727272727,0.2272727272727273,OVER,0.7727272727272727
1,2026-09-13,P.Rivers,Philip Rivers,QB,IND,BAL,True,passing_tds,starter,0.5,0.8636363636363636,0.13636363636363635,OVER,0.8636363636363636
1,2026-09-13,A.Abdullah,Ameer Abdullah,RB,IND,BAL,True,rushing_yards,starter,24.0,0.1,0.9,UNDER,0.9
1,2026-09-13,A.Abdullah,Ameer Abdullah,RB,IND,BAL,True,rushing_tds,starter,0.0,0.9,0.09999999999999998,OVER,0.9
1,2026-09-13,A.Abdullah,Ameer Abdullah,RB,IND,BAL,True,receptions,starter,3.5,0.1,0.9,UNDER,0.9
1,2026-09-13,J.Downs,Josh Downs,WR,IND,BAL,True,receiving_yards,starter,27.0,0.2,0.8,UNDER,0.8
1,2026-09-13,J.Downs,Josh Downs,WR,IND,BAL,True,receiving_tds,starter,0.0,0.2,0.8,UNDER,0.8
1,2026-09-13,J.Downs,Josh Downs,WR,IND,BAL,True,receptions,starter,3.5,0.2,0.8,UNDER,0.8
1,2026-09-13,A.Abdullah,Ameer Abdullah,RB,IND,BAL,True,rushing_yards,starter,24.0,0.07692307692307693,0.9230769230769231,UNDER,0.9230769230769231
1,2026-09-13,A.Abdullah,Ameer Abdullah,RB,IND,BAL,True,rushing_tds,starter,0.0,0.07692307692307693,0.9230769230769231,UNDER,0.9230769230769231
1,2026-09-13,A.Abdullah,Ameer Abdullah,RB,IND,BAL,True,receptions,starter,3.5,0.15384615384615385,0.8461538461538461,UNDER,0.8461538461538461
1,2026-09-13,A.Dulin,Ashton Dulin,WR,IND,BAL,True,receiving_yards,starter,27.0,0.21052631578947367,0.7894736842105263,UNDER,0.7894736842105263
1,2026-09-13,A.Dulin,Ashton Dulin,WR,IND,BAL,True,receiving_tds,starter,0.0,0.9736842105263158,0.02631578947368418,OVER,0.9736842105263158
1,2026-09-13,A.Dulin,Ashton Dulin,WR,IND,BAL,True,receptions,starter,3.5,0.05263157894736842,0.9473684210526316,UNDER,0.9473684210526316
1,2026-09-13,L.Jackson,Lucky Jackson,WR,BAL,IND,False,receiving_yards,starter,27.0,0.010752688172043012,0.989247311827957,UNDER,0.989247311827957
1,2026-09-13,L.Jackson,Lucky Jackson,WR,BAL,IND,False,receiving_tds,starter,0.0,0.010752688172043012,0.989247311827957,UNDER,0.989247311827957
1,2026-09-13,L.Jackson,Lucky Jackson,WR,BAL,IND,False,receptions,starter,3.5,0.010752688172043012,0.989247311827957,UNDER,0.989247311827957
1,2026-09-13,T.Huntley,Tyler Huntley,QB,BAL,IND,False,passing_yards,starter,200.0,0.2,0.8,UNDER,0.8
1,2026-09-13,T.Huntley,Tyler Huntley,QB,BAL,IND,False,passing_tds,starter,0.5,0.44,0.56,UNDER,0.56
1,2026-09-13,D.Henry,Derrick Henry,RB,BAL,IND,False,rushing_yards,starter,24.0,0.9473684210526315,0.052631578947368474,OVER,0.9473684210526315
1,2026-09-13,D.Henry,Derrick Henry,RB,BAL,IND,False,rushing_tds,starter,0.0,0.9736842105263158,0.02631578947368418,OVER,0.9736842105263158
1,2026-09-13,D.Henry,Derrick Henry,RB,BAL,IND,False,receptions,starter,3.5,0.02631578947368421,0.9736842105263158,UNDER,0.9736842105263158
1,2026-09-13,K.Mitchell,Keaton Mitchell,RB,BAL,IND,False,rushing_yards,starter,24.0,0.5909090909090909,0.40909090909090906,OVER,0.5909090909090909
1,2026-09-13,K.Mitchell,Keaton Mitchell,RB,BAL,IND,False,rushing_tds,starter,0.0,0.9545454545454546,0.045454545454545414,OVER,0.9545454545454546
1,2026-09-13,K.Mitchell,Keaton Mitchell,RB,BAL,IND,False,receptions,starter,3.5,0.045454545454545456,0.9545454545454546,UNDER,0.9545454545454546
1,2026-09-13,L.Jackson,Lucky Jackson,WR,BAL,IND,False,receiving_yards,starter,27.0,0.010752688172043012,0.989247311827957,UNDER,0.989247311827957
1,2026-09-13,L.Jackson,Lucky Jackson,WR,BAL,IND,False,receiving_tds,starter,0.0,0.010752688172043012,0.989247311827957,UNDER,0.989247311827957
1,2026-09-13,L.Jackson,Lucky Jackson,WR,BAL,IND,False,receptions,starter,3.5,0.010752688172043012,0.989247311827957,UNDER,0.989247311827957
1,2026-09-13,C.Kolar,Charlie Kolar,TE,BAL,IND,False,receiving_yards,starter,27.0,0.14285714285714285,0.8571428571428572,UNDER,0.8571428571428572
1,2026-09-13,C.Kolar,Charlie Kolar,TE,BAL,IND,False,receiving_tds,starter,0.0,0.9642857142857143,0.0357142857142857,OVER,0.9642857142857143
1,2026-09-13,C.Kolar,Charlie Kolar,TE,BAL,IND,False,receptions,starter,3.5,0.07142857142857142,0.9285714285714286,UNDER,0.9285714285714286
1,2026-09-13,D.Henry,Derrick Henry,RB,BAL,IND,False,rushing_yards,starter,24.0,0.034482758620689655,0.9655172413793104,UNDER,0.9655172413793104
1,2026-09-13,D.Henry,Derrick Henry,RB,BAL,IND,False,rushing_tds,starter,0.0,0.034482758620689655,0.9655172413793104,UNDER,0.9655172413793104
1,2026-09-13,D.Henry,Derrick Henry,RB,BAL,IND,False,receptions,starter,3.5,0.034482758620689655,0.9655172413793104,UNDER,0.9655172413793104
1,2026-09-13,D.Hopkins,DeAndre Hopkins,WR,BAL,IND,False,receiving_yards,starter,27.0,0.3157894736842105,0.6842105263157895,UNDER,0.6842105263157895
1,2026-09-13,D.Hopkins,DeAndre Hopkins,WR,BAL,IND,False,receiving_tds,starter,0.0,0.9473684210526315,0.052631578947368474,OVER,0.9473684210526315
1,2026-09-13,D.Hopkins,DeAndre Hopkins,WR,BAL,IND,False,receptions,starter,3.5,0.10526315789473684,0.8947368421052632,UNDER,0.8947368421052632
1,2026-09-13,N.Mullens,Nick Mullens,QB,JAX,CLE,True,passing_yards,starter,200.0,0.25,0.75,UNDER,0.75
1,2026-09-13,N.Mullens,Nick Mullens,QB,JAX,CLE,True,passing_tds,starter,0.5,0.25,0.75,UNDER,0.75
1,2026-09-13,T.Lawrence,Trevor Lawrence,QB,JAX,CLE,True,passing_yards,starter,200.0,0.7073170731707317,0.29268292682926833,OVER,0.7073170731707317
1,2026-09-13,T.Lawrence,Trevor Lawrence,QB,JAX,CLE,True,passing_tds,starter,0.5,0.7439024390243902,0.25609756097560976,OVER,0.7439024390243902
1,2026-09-13,D.Dallas,DeeJay Dallas,RB,JAX,CLE,True,rushing_yards,starter,24.0,0.3333333333333333,0.6666666666666667,UNDER,0.6666666666666667
1,2026-09-13,D.Dallas,DeeJay Dallas,RB,JAX,CLE,True,rushing_tds,starter,0.0,0.6666666666666666,0.33333333333333337,OVER,0.6666666666666666
1,2026-09-13,D.Dallas,DeeJay Dallas,RB,JAX,CLE,True,receptions,starter,3.5,0.3333333333333333,0.6666666666666667,UNDER,0.6666666666666667
1,2026-09-13,L.Allen,LeQuint Allen,RB,JAX,CLE,True,rushing_yards,starter,24.0,0.16666666666666666,0.8333333333333334,UNDER,0.8333333333333334
1,2026-09-13,L.Allen,LeQuint Allen,RB,JAX,CLE,True,rushing_tds,starter,0.0,0.9166666666666666,0.08333333333333337,OVER,0.9166666666666666
1,2026-09-13,L.Allen,LeQuint Allen,RB,JAX,CLE,True,receptions,starter,3.5,0.08333333333333333,0.9166666666666666,UNDER,0.9166666666666666
1,2026-09-13,B.Strange,Brenton Strange,TE,JAX,CLE,True,receiving_yards,starter,27.0,0.4411764705882353,0.5588235294117647,UNDER,0.5588235294117647
1,2026-09-13,B.Strange,Brenton Strange,TE,JAX,CLE,True,receiving_tds,starter,0.0,0.9705882352941176,0.02941176470588236,OVER,0.9705882352941176
1,2026-09-13,B.Strange,Brenton Strange,TE,JAX,CLE,True,receptions,starter,3.5,0.3235294117647059,0.6764705882352942,UNDER,0.6764705882352942
1,2026-09-13,D.Brown,Da'Ron Brown,WR,JAX,CLE,True,receiving_yards,starter,27.0,0.3333333333333333,0.6666666666666667,UNDER,0.6666666666666667
1,2026-09-13,D.Brown,Da'Ron Brown,WR,JAX,CLE,True,receiving_tds,starter,0.0,0.9166666666666666,0.08333333333333337,OVER,0.9166666666666666
1,2026-09-13,D.Brown,Da'Ron Brown,WR,JAX,CLE,True,receptions,starter,3.5,0.16666666666666666,0.8333333333333334,UNDER,0.8333333333333334
1,2026-09-13,S.Sanders,Shedeur Sanders,QB,CLE,JAX,False,passing_yards,starter,200.0,0.3,0.7,UNDER,0.7
1,2026-09-13,S.Sanders,Shedeur Sanders,QB,CLE,JAX,False,passing_tds,starter,0.5,0.6,0.4,OVER,0.6
1,2026-09-13,D.Sampson,Dylan Sampson,RB,CLE,JAX,False,rushing_yards,starter,24.0,0.23529411764705882,0.7647058823529411,UNDER,0.7647058823529411
1,2026-09-13,D.Sampson,Dylan Sampson,RB,CLE,JAX,False,rushing_tds,starter,0.0,0.9411764705882353,0.05882352941176472,OVER,0.9411764705882353
1,2026-09-13,D.Sampson,Dylan Sampson,RB,CLE,JAX,False,receptions,starter,3.5,0.058823529411764705,0.9411764705882353,UNDER,0.9411764705882353
1,2026-09-13,H.Fannin,Harold Fannin Jr.,TE,CLE,JAX,False,receiving_yards,starter,27.0,0.1111111111111111,0.8888888888888888,UNDER,0.8888888888888888
1,2026-09-13,H.Fannin,Harold Fannin Jr.,TE,CLE,JAX,False,receiving_tds,starter,0.0,0.1111111111111111,0.8888888888888888,UNDER,0.8888888888888888
1,2026-09-13,H.Fannin,Harold Fannin Jr.,TE,CLE,JAX,False,receptions,starter,3.5,0.1111111111111111,0.8888888888888888,UNDER,0.8888888888888888
1,2026-09-13,B.Bates,Brenden Bates,TE,CLE,JAX,False,receiving_yards,starter,27.0,0.16666666666666666,0.8333333333333334,UNDER,0.8333333333333334
1,2026-09-13,B.Bates,Brenden Bates,TE,CLE,JAX,False,receiving_tds,starter,0.0,0.8333333333333334,0.16666666666666663,OVER,0.8333333333333334
1,2026-09-13,B.Bates,Brenden Bates,TE,CLE,JAX,False,receptions,starter,3.5,0.16666666666666666,0.8333333333333334,UNDER,0.8333333333333334
1,2026-09-13,B.Whiteheart,Blake Whiteheart,TE,CLE,JAX,False,receiving_yards,starter,27.0,0.13333333333333333,0.8666666666666667,UNDER,0.8666666666666667
1,2026-09-13,B.Whiteheart,Blake Whiteheart,TE,CLE,JAX,False,receiving_tds,starter,0.0,0.9333333333333333,0.06666666666666665,OVER,0.9333333333333333
1,2026-09-13,B.Whiteheart,Blake Whiteheart,TE,CLE,JAX,False,receptions,starter,3.5,0.06666666666666667,0.9333333333333333,UNDER,0.9333333333333333
1,2026-09-13,C.Tillman,Cedric Tillman,WR,CLE,JAX,False,receiving_yards,starter,27.0,0.36363636363636365,0.6363636363636364,UNDER,0.6363636363636364
1,2026-09-13,C.Tillman,Cedric Tillman,WR,CLE,JAX,False,receiving_tds,starter,0.0,0.9696969696969697,0.030303030303030276,OVER,0.9696969696969697
1,2026-09-13,C.Tillman,Cedric Tillman,WR,CLE,JAX,False,receptions,starter,3.5,0.21212121212121213,0.7878787878787878,UNDER,0.7878787878787878
1,2026-09-13,A.Rodgers,Aaron Rodgers,QB,PIT,ATL,True,passing_yards,starter,200.0,0.631578947368421,0.368421052631579,OVER,0.631578947368421
1,2026-09-13,A.Rodgers,Aaron Rodgers,QB,PIT,ATL,True,passing_tds,starter,0.5,0.7894736842105263,0.21052631578947367,OVER,0.7894736842105263
1,2026-09-13,M.Rudolph,Mason Rudolph,QB,PIT,ATL,True,passing_yards,starter,200.0,0.35294117647058826,0.6470588235294117,UNDER,0.6470588235294117
1,2026-09-13,M.Rudolph,Mason Rudolph,QB,PIT,ATL,True,passing_tds,starter,0.5,0.47058823529411764,0.5294117647058824,UNDER,0.5294117647058824
1,2026-09-13,A.Rodgers,Aaron Rodgers,QB,PIT,ATL,True,passing_yards,starter,200.0,0.06666666666666667,0.9333333333333333,UNDER,0.9333333333333333
1,2026-09-13,A.Rodgers,Aaron Rodgers,QB,PIT,ATL,True,passing_tds,starter,0.5,0.06666666666666667,0.9333333333333333,UNDER,0.9333333333333333
1,2026-09-13,A.Thielen,Adam Thielen,WR,PIT,ATL,True,receiving_yards,starter,27.0,0.375,0.625,UNDER,0.625
1,2026-09-13,A.Thielen,Adam Thielen,WR,PIT,ATL,True,receiving_tds,starter,0.0,0.875,0.125,OVER,0.875
1,2026-09-13,A.Thielen,Adam Thielen,WR,PIT,ATL,True,receptions,starter,3.5,0.25,0.75,UNDER,0.75
1,2026-09-13,C.Austin,Calvin Austin III,WR,PIT,ATL,True,receiving_yards,starter,27.0,0.40425531914893614,0.5957446808510638,UNDER,0.5957446808510638
1,2026-09-13,C.Austin,Calvin Austin III,WR,PIT,ATL,True,receiving_tds,starter,0.0,0.9787234042553191,0.021276595744680882,OVER,0.9787234042553191
1,2026-09-13,C.Austin,Calvin Austin III,WR,PIT,ATL,True,receptions,starter,3.5,0.2127659574468085,0.7872340425531915,UNDER,0.7872340425531915
1,2026-09-13,K.Cousins,Kirk Cousins,QB,ATL,PIT,False,passing_yards,starter,200.0,0.5384615384615384,0.46153846153846156,OVER,0.5384615384615384
1,2026-09-13,K.Cousins,Kirk Cousins,QB,ATL,PIT,False,passing_tds,starter,0.5,0.6153846153846154,0.3846153846153846,OVER,0.6153846153846154
1,2026-09-13,B.Robinson,Bijan Robinson,RB,ATL,PIT,False,rushing_yards,starter,24.0,0.9433962264150944,0.05660377358490565,OVER,0.9433962264150944
1,2026-09-13,B.Robinson,Bijan Robinson,RB,ATL,PIT,False,rushing_tds,starter,0.0,0.9811320754716981,0.018867924528301883,OVER,0.9811320754716981
1,2026-09-13,B.Robinson,Bijan Robinson,RB,ATL,PIT,False,receptions,starter,3.5,0.018867924528301886,0.9811320754716981,UNDER,0.9811320754716981
1,2026-09-13,K.Cousins,Kirk Cousins,QB,ATL,PIT,False,passing_yards,starter,200.0,0.05555555555555555,0.9444444444444444,UNDER,0.9444444444444444
1,2026-09-13,K.Cousins,Kirk Cousins,QB,ATL,PIT,False,passing_tds,starter,0.5,0.05555555555555555,0.9444444444444444,UNDER,0.9444444444444444
1,2026-09-13,T.Allgeier,Tyler Allgeier,RB,ATL,PIT,False,rushing_yards,starter,24.0,0.7058823529411765,0.2941176470588235,OVER,0.7058823529411765
1,2026-09-13,T.Allgeier,Tyler Allgeier,RB,ATL,PIT,False,rushing_tds,starter,0.0,0.9852941176470589,0.014705882352941124,OVER,0.9852941176470589
1,2026-09-13,T.Allgeier,Tyler Allgeier,RB,ATL,PIT,False,receptions,starter,3.5,0.014705882352941176,0.9852941176470589,UNDER,0.9852941176470589
1,2026-09-13,B.Robinson,Bijan Robinson,RB,ATL,PIT,False,rushing_yards,starter,24.0,0.019230769230769232,0.9807692307692307,UNDER,0.9807692307692307
1,2026-09-13,B.Robinson,Bijan Robinson,RB,ATL,PIT,False,rushing_tds,starter,0.0,0.019230769230769232,0.9807692307692307,UNDER,0.9807692307692307
1,2026-09-13,B.Robinson,Bijan Robinson,RB,ATL,PIT,False,receptions,starter,3.5,0.5192307692307693,0.4807692307692307,OVER,0.5192307692307693
1,2026-09-13,C.Woerner,Charlie Woerner,TE,ATL,PIT,False,receiving_yards,starter,27.0,0.0625,0.9375,UNDER,0.9375
1,2026-09-13,C.Woerner,Charlie Woerner,TE,ATL,PIT,False,receiving_tds,starter,0.0,0.9375,0.0625,OVER,0.9375
1,2026-09-13,C.Woerner,Charlie Woerner,TE,ATL,PIT,False,receptions,starter,3.5,0.0625,0.9375,UNDER,0.9375
1,2026-09-13,D.London,Drake London,WR,ATL,PIT,False,receiving_yards,starter,27.0,0.84375,0.15625,OVER,0.84375
1,2026-09-13,D.London,Drake London,WR,ATL,PIT,False,receiving_tds,starter,0.0,0.984375,0.015625,OVER,0.984375
1,2026-09-13,D.London,Drake London,WR,ATL,PIT,False,receptions,starter,3.5,0.65625,0.34375,OVER,0.65625
1,2026-09-13,C.Ward,Cameron Ward,QB,TEN,NYJ,True,passing_yards,starter,200.0,0.47368421052631576,0.5263157894736843,UNDER,0.5263157894736843
1,2026-09-13,C.Ward,Cameron Ward,QB,TEN,NYJ,True,passing_tds,starter,0.5,0.631578947368421,0.368421052631579,OVER,0.631578947368421
1,2026-09-13,C.Ward,Cameron Ward,QB,TEN,NYJ,True,passing_yards,starter,200.0,0.0625,0.9375,UNDER,0.9375
1,2026-09-13,C.Ward,Cameron Ward,QB,TEN,NYJ,True,passing_tds,starter,0.5,0.0625,0.9375,UNDER,0.9375
1,2026-09-13,J.Chestnut,Julius Chestnut,RB,TEN,NYJ,True,rushing_yards,starter,24.0,0.16666666666666666,0.8333333333333334,UNDER,0.8333333333333334
1,2026-09-13,J.Chestnut,Julius Chestnut,RB,TEN,NYJ,True,rushing_tds,starter,0.0,0.9444444444444444,0.05555555555555558,OVER,0.9444444444444444
1,2026-09-13,J.Chestnut,Julius Chestnut,RB,TEN,NYJ,True,receptions,starter,3.5,0.05555555555555555,0.9444444444444444,UNDER,0.9444444444444444
1,2026-09-13,C.Okonkwo,Chig Okonkwo,TE,TEN,NYJ,True,receiving_yards,starter,27.0,0.5970149253731343,0.4029850746268657,OVER,0.5970149253731343
1,2026-09-13,C.Okonkwo,Chig Okonkwo,TE,TEN,NYJ,True,receiving_tds,starter,0.0,0.9850746268656716,0.014925373134328401,OVER,0.9850746268656716
1,2026-09-13,C.Okonkwo,Chig Okonkwo,TE,TEN,NYJ,True,receptions,starter,3.5,0.3283582089552239,0.6716417910447761,UNDER,0.6716417910447761
1,2026-09-13,D.Martin-Robinson,David Martin-Robinson,TE,TEN,NYJ,True,receiving_yards,starter,27.0,0.125,0.875,UNDER,0.875
1,2026-09-13,D.Martin-Robinson,David Martin-Robinson,TE,TEN,NYJ,True,receiving_tds,starter,0.0,0.875,0.125,OVER,0.875
1,2026-09-13,D.Martin-Robinson,David Martin-Robinson,TE,TEN,NYJ,True,receptions,starter,3.5,0.125,0.875,UNDER,0.875
1,2026-09-13,B.Cook,Brady Cook,QB,NYJ,TEN,False,passing_yards,starter,200.0,0.14285714285714285,0.8571428571428572,UNDER,0.8571428571428572
1,2026-09-13,B.Cook,Brady Cook,QB,NYJ,TEN,False,passing_tds,starter,0.5,0.42857142857142855,0.5714285714285714,UNDER,0.5714285714285714
1,2026-09-13,A.Smith,Ainias Smith,WR,NYJ,TEN,False,receiving_yards,starter,27.0,0.16666666666666666,0.8333333333333334,UNDER,0.8333333333333334
1,2026-09-13,A.Smith,Ainias Smith,WR,NYJ,TEN,False,receiving_tds,starter,0.0,0.16666666666666666,0.8333333333333334,UNDER,0.8333333333333334
1,2026-09-13,A.Smith,Ainias Smith,WR,NYJ,TEN,False,receptions,starter,3.5,0.16666666666666666,0.8333333333333334,UNDER,0.8333333333333334
1,2026-09-13,B.Cook,Brady Cook,QB,NYJ,TEN,False,passing_yards,starter,200.0,0.14285714285714285,0.8571428571428572,UNDER,0.8571428571428572
1,2026-09-13,B.Cook,Brady Cook,QB,NYJ,TEN,False,passing_tds,starter,0.5,0.14285714285714285,0.8571428571428572,UNDER,0.8571428571428572
1,2026-09-13,B.Hall,Breece Hall,RB,NYJ,TEN,False,rushing_yards,starter,24.0,0.8529411764705882,0.1470588235294118,OVER,0.8529411764705882
1,2026-09-13,B.Hall,Breece Hall,RB,NYJ,TEN,False,rushing_tds,starter,0.0,0.9705882352941176,0.02941176470588236,OVER,0.9705882352941176
1,2026-09-13,B.Hall,Breece Hall,RB,NYJ,TEN,False,receptions,starter,3.5,0.029411764705882353,0.9705882352941176,UNDER,0.9705882352941176
1,2026-09-13,A.Beck,Andrew Beck,RB,NYJ,TEN,False,rushing_yards,starter,24.0,0.1111111111111111,0.8888888888888888,UNDER,0.8888888888888888
1,2026-09-13,A.Beck,Andrew Beck,RB,NYJ,TEN,False,rushing_tds,starter,0.0,0.1111111111111111,0.8888888888888888,UNDER,0.8888888888888888
1,2026-09-13,A.Beck,Andrew Beck,RB,NYJ,TEN,False,receptions,starter,3.5,0.1111111111111111,0.8888888888888888,UNDER,0.8888888888888888
1,2026-09-13,A.Mitchell,Adonai Mitchell,WR,NYJ,TEN,False,receiving_yards,starter,27.0,0.5,0.5,OVER,0.5
1,2026-09-13,A.Mitchell,Adonai Mitchell,WR,NYJ,TEN,False,receiving_tds,starter,0.0,0.9,0.09999999999999998,OVER,0.9
1,2026-09-13,A.Mitchell,Adonai Mitchell,WR,NYJ,TEN,False,receptions,starter,3.5,0.3,0.7,UNDER,0.7
1,2026-09-13,A.Smith,Ainias Smith,WR,NYJ,TEN,False,receiving_yards,starter,27.0,0.08333333333333333,0.9166666666666666,UNDER,0.9166666666666666
1,2026-09-13,A.Smith,Ainias Smith,WR,NYJ,TEN,False,receiving_tds,starter,0.0,0.9166666666666666,0.08333333333333337,OVER,0.9166666666666666
1,2026-09-13,A.Smith,Ainias Smith,WR,NYJ,TEN,False,receptions,starter,3.5,0.08333333333333333,0.9166666666666666,UNDER,0.9166666666666666
1,2026-09-13,J.Herbert,Justin Herbert,QB,LAC,ARI,True,passing_yards,starter,200.0,0.8,0.19999999999999996,OVER,0.8
1,2026-09-13,J.Herbert,Justin Herbert,QB,LAC,ARI,True,passing_tds,starter,0.5,0.87,0.13,OVER,0.87
1,2026-09-13,T.Lance,Trey Lance,QB,LAC,ARI,True,passing_yards,starter,200.0,0.16666666666666666,0.8333333333333334,UNDER,0.8333333333333334
1,2026-09-13,T.Lance,Trey Lance,QB,LAC,ARI,True,passing_tds,starter,0.5,0.16666666666666666,0.8333333333333334,UNDER,0.8333333333333334
1,2026-09-13,H.Haskins,Hassan Haskins,RB,LAC,ARI,True,rushing_yards,starter,24.0,0.16666666666666666,0.8333333333333334,UNDER,0.8333333333333334
1,2026-09-13,H.Haskins,Hassan Haskins,RB,LAC,ARI,True,rushing_tds,starter,0.0,0.9444444444444444,0.05555555555555558,OVER,0.9444444444444444
1,2026-09-13,H.Haskins,Hassan Haskins,RB,LAC,ARI,True,receptions,starter,3.5,0.05555555555555555,0.9444444444444444,UNDER,0.9444444444444444
1,2026-09-13,J.Herbert,Justin Herbert,QB,LAC,ARI,True,passing_yards,starter,200.0,0.010526315789473684,0.9894736842105263,UNDER,0.9894736842105263
1,2026-09-13,J.Herbert,Justin Herbert,QB,LAC,ARI,True,passing_tds,starter,0.5,0.010526315789473684,0.9894736842105263,UNDER,0.9894736842105263
1,2026-09-13,J.Patterson,Jaret Patterson,RB,LAC,ARI,True,rushing_yards,starter,24.0,0.625,0.375,OVER,0.625
1,2026-09-13,J.Patterson,Jaret Patterson,RB,LAC,ARI,True,rushing_tds,starter,0.0,0.875,0.125,OVER,0.875
1,2026-09-13,J.Patterson,Jaret Patterson,RB,LAC,ARI,True,receptions,starter,3.5,0.125,0.875,UNDER,0.875
1,2026-09-13,D.Davis,Davion Davis,WR,LAC,ARI,True,receiving_yards,starter,27.0,0.1111111111111111,0.8888888888888888,UNDER,0.8888888888888888
1,2026-09-13,D.Davis,Davion Davis,WR,LAC,ARI,True,receiving_tds,starter,0.0,0.9629629629629629,0.03703703703703709,OVER,0.9629629629629629
1,2026-09-13,D.Davis,Davion Davis,WR,LAC,ARI,True,receptions,starter,3.5,0.037037037037037035,0.962962962962963,UNDER,0.962962962962963
1,2026-09-13,J.Patterson,Jaret Patterson,RB,LAC,ARI,True,rushing_yards,starter,24.0,0.3333333333333333,0.6666666666666667,UNDER,0.6666666666666667
1,2026-09-13,J.Patterson,Jaret Patterson,RB,LAC,ARI,True,rushing_tds,starter,0.0,0.3333333333333333,0.6666666666666667,UNDER,0.6666666666666667
1,2026-09-13,J.Patterson,Jaret Patterson,RB,LAC,ARI,True,receptions,starter,3.5,0.3333333333333333,0.6666666666666667,UNDER,0.6666666666666667
1,2026-09-13,K.Allen,Kazmeir Allen,RB,LAC,ARI,True,rushing_yards,starter,24.0,0.013513513513513514,0.9864864864864865,UNDER,0.9864864864864865
1,2026-09-13,K.Allen,Kazmeir Allen,RB,LAC,ARI,True,rushing_tds,starter,0.0,0.013513513513513514,0.9864864864864865,UNDER,0.9864864864864865
1,2026-09-13,K.Allen,Kazmeir Allen,RB,LAC,ARI,True,receptions,starter,3.5,0.8513513513513513,0.14864864864864868,OVER,0.8513513513513513
1,2026-09-13,J.Brissett,Jacoby Brissett,QB,ARI,LAC,False,passing_yards,starter,200.0,0.8666666666666667,0.1333333333333333,OVER,0.8666666666666667
1,2026-09-13,J.Brissett,Jacoby Brissett,QB,ARI,LAC,False,passing_tds,starter,0.5,0.8666666666666667,0.1333333333333333,OVER,0.8666666666666667
1,2026-09-13,C.Kiner,Corey Kiner,RB,ARI,LAC,False,rushing_yards,starter,24.0,0.3333333333333333,0.6666666666666667,UNDER,0.6666666666666667
1,2026-09-13,C.Kiner,Corey Kiner,RB,ARI,LAC,False,rushing_tds,starter,0.0,0.8333333333333334,0.16666666666666663,OVER,0.8333333333333334
1,2026-09-13,C.Kiner,Corey Kiner,RB,ARI,LAC,False,receptions,starter,3.5,0.16666666666666666,0.8333333333333334,UNDER,0.8333333333333334
1,2026-09-13,E.Demercado,Emari Demercado,RB,ARI,LAC,False,rushing_yards,starter,24.0,0.4375,0.5625,UNDER,0.5625
1,2026-09-13,E.Demercado,Emari Demercado,RB,ARI,LAC,False,rushing_tds,starter,0.0,0.96875,0.03125,OVER,0.96875
1,2026-09-13,E.Demercado,Emari Demercado,RB,ARI,LAC,False,receptions,starter,3.5,0.03125,0.96875,UNDER,0.96875
1,2026-09-13,J.Brissett,Jacoby Brissett,QB,ARI,LAC,False,passing_yards,starter,200.0,0.07142857142857142,0.9285714285714286,UNDER,0.9285714285714286
1,2026-09-13,J.Brissett,Jacoby Brissett,QB,ARI,LAC,False,passing_tds,starter,0.5,0.07142857142857142,0.9285714285714286,UNDER,0.9285714285714286
1,2026-09-13,C.Kiner,Corey Kiner,RB,ARI,LAC,False,rushing_yards,starter,24.0,0.3333333333333333,0.6666666666666667,UNDER,0.6666666666666667
1,2026-09-13,C.Kiner,Corey Kiner,RB,ARI,LAC,False,rushing_tds,starter,0.0,0.3333333333333333,0.6666666666666667,UNDER,0.6666666666666667
1,2026-09-13,C.Kiner,Corey Kiner,RB,ARI,LAC,False,receptions,starter,3.5,0.3333333333333333,0.6666666666666667,UNDER,0.6666666666666667
1,2026-09-13,E.Demercado,Emari Demercado,RB,ARI,LAC,False,rushing_yards,starter,24.0,0.034482758620689655,0.9655172413793104,UNDER,0.9655172413793104
1,2026-09-13,E.Demercado,Emari Demercado,RB,ARI,LAC,False,rushing_tds,starter,0.0,0.034482758620689655,0.9655172413793104,UNDER,0.9655172413793104
1,2026-09-13,E.Demercado,Emari Demercado,RB,ARI,LAC,False,receptions,starter,3.5,0.1724137931034483,0.8275862068965517,UNDER,0.8275862068965517
1,2026-09-13,E.Higgins,Elijah Higgins,TE,ARI,LAC,False,receiving_yards,starter,27.0,0.225,0.775,UNDER,0.775
1,2026-09-13,E.Higgins,Elijah Higgins,TE,ARI,LAC,False,receiving_tds,starter,0.0,0.975,0.025000000000000022,OVER,0.975
1,2026-09-13,E.Higgins,Elijah Higgins,TE,ARI,LAC,False,receptions,starter,3.5,0.075,0.925,UNDER,0.925
1,2026-09-13,A.O'Connell,Aidan O'Connell,QB,LV,MIA,True,passing_yards,starter,200.0,0.5652173913043478,0.4347826086956522,OVER,0.5652173913043478
1,2026-09-13,A.O'Connell,Aidan O'Connell,QB,LV,MIA,True,passing_tds,starter,0.5,0.5652173913043478,0.4347826086956522,OVER,0.5652173913043478
1,2026-09-13,G.Smith,Geno Smith,QB,LV,MIA,True,passing_yards,starter,200.0,0.47058823529411764,0.5294117647058824,UNDER,0.5294117647058824
1,2026-09-13,G.Smith,Geno Smith,QB,LV,MIA,True,passing_tds,starter,0.5,0.7058823529411765,0.2941176470588235,OVER,0.7058823529411765
1,2026-09-13,K.Pickett,Kenny Pickett,QB,LV,MIA,True,passing_yards,starter,200.0,0.125,0.875,UNDER,0.875
1,2026-09-13,K.Pickett,Kenny Pickett,QB,LV,MIA,True,passing_tds,starter,0.5,0.25,0.75,UNDER,0.75
1,2026-09-13,A.Jeanty,Ashton Jeanty,RB,LV,MIA,True,rushing_yards,starter,24.0,0.8421052631578947,0.1578947368421053,OVER,0.8421052631578947
1,2026-09-13,A.Jeanty,Ashton Jeanty,RB,LV,MIA,True,rushing_tds,starter,0.0,0.9473684210526315,0.052631578947368474,OVER,0.9473684210526315
1,2026-09-13,A.Jeanty,Ashton Jeanty,RB,LV,MIA,True,receptions,starter,3.5,0.05263157894736842,0.9473684210526316,UNDER,0.9473684210526316
1,2026-09-13,A.O'Connell,Aidan O'Connell,QB,LV,MIA,True,passing_yards,starter,200.0,0.06666666666666667,0.9333333333333333,UNDER,0.9333333333333333
1,2026-09-13,A.O'Connell,Aidan O'Connell,QB,LV,MIA,True,passing_tds,starter,0.5,0.06666666666666667,0.9333333333333333,UNDER,0.9333333333333333
1,2026-09-13,G.Smith,Geno Smith,QB,LV,MIA,True,passing_yards,starter,200.0,0.0625,0.9375,UNDER,0.9375
1,2026-09-13,G.Smith,Geno Smith,QB,LV,MIA,True,passing_tds,starter,0.5,0.0625,0.9375,UNDER,0.9375
1,2026-09-13,A.Bachman,Alex Bachman,WR,LV,MIA,True,receiving_yards,starter,27.0,0.3333333333333333,0.6666666666666667,UNDER,0.6666666666666667
1,2026-09-13,A.Bachman,Alex Bachman,WR,LV,MIA,True,receiving_tds,starter,0.0,0.8333333333333334,0.16666666666666663,OVER,0.8333333333333334
1,2026-09-13,A.Bachman,Alex Bachman,WR,LV,MIA,True,receptions,starter,3.5,0.16666666666666666,0.8333333333333334,UNDER,0.8333333333333334
1,2026-09-13,A.Jeanty,Ashton Jeanty,RB,LV,MIA,True,rushing_yards,starter,24.0,0.05555555555555555,0.9444444444444444,UNDER,0.9444444444444444
1,2026-09-13,A.Jeanty,Ashton Jeanty,RB,LV,MIA,True,rushing_tds,starter,0.0,0.05555555555555555,0.9444444444444444,UNDER,0.9444444444444444
1,2026-09-13,A.Jeanty,Ashton Jeanty,RB,LV,MIA,True,receptions,starter,3.5,0.3888888888888889,0.6111111111111112,UNDER,0.6111111111111112
1,2026-09-13,B.Bowers,Brock Bowers,TE,LV,MIA,True,receiving_yards,starter,27.0,0.9354838709677419,0.06451612903225812,OVER,0.9354838709677419
1,2026-09-13,B.Bowers,Brock Bowers,TE,LV,MIA,True,receiving_tds,starter,0.0,0.967741935483871,0.032258064516129004,OVER,0.967741935483871
1,2026-09-13,B.Bowers,Brock Bowers,TE,LV,MIA,True,receptions,starter,3.5,0.8064516129032258,0.19354838709677424,OVER,0.8064516129032258
1,2026-09-13,Q.Ewers,Quinn Ewers,QB,MIA,LV,False,passing_yards,starter,200.0,0.3333333333333333,0.6666666666666667,UNDER,0.6666666666666667
1,2026-09-13,Q.Ewers,Quinn Ewers,QB,MIA,LV,False,passing_tds,starter,0.5,0.5,0.5,OVER,0.5
1,2026-09-13,Z.Wilson,Zach Wilson,QB,MIA,LV,False,passing_yards,starter,200.0,0.2,0.8,UNDER,0.8
1,2026-09-13,Z.Wilson,Zach Wilson,QB,MIA,LV,False,passing_tds,starter,0.5,0.2,0.8,UNDER,0.8
1,2026-09-13,D.Achane,De'Von Achane,RB,MIA,LV,False,rushing_yards,starter,24.0,0.8297872340425532,0.17021276595744683,OVER,0.8297872340425532
1,2026-09-13,D.Achane,De'Von Achane,RB,MIA,LV,False,rushing_tds,starter,0.0,0.9787234042553191,0.021276595744680882,OVER,0.9787234042553191
1,2026-09-13,D.Achane,De'Von Achane,RB,MIA,LV,False,receptions,starter,3.5,0.02127659574468085,0.9787234042553191,UNDER,0.9787234042553191
1,2026-09-13,G.Dulcich,Greg Dulcich,TE,MIA,LV,False,receiving_yards,starter,27.0,0.3333333333333333,0.6666666666666667,UNDER,0.6666666666666667
1,2026-09-13,G.Dulcich,Greg Dulcich,TE,MIA,LV,False,receiving_tds,starter,0.0,0.3333333333333333,0.6666666666666667,UNDER,0.6666666666666667
1,2026-09-13,G.Dulcich,Greg Dulcich,TE,MIA,LV,False,receptions,starter,3.5,0.3333333333333333,0.6666666666666667,UNDER,0.6666666666666667
1,2026-09-13,J.Waddle,Jaylen Waddle,WR,MIA,LV,False,receiving_yards,starter,27.0,0.05555555555555555,0.9444444444444444,UNDER,0.9444444444444444
1,2026-09-13,J.Waddle,Jaylen Waddle,WR,MIA,LV,False,receiving_tds,starter,0.0,0.05555555555555555,0.9444444444444444,UNDER,0.9444444444444444
1,2026-09-13,J.Waddle,Jaylen Waddle,WR,MIA,LV,False,receptions,starter,3.5,0.05555555555555555,0.9444444444444444,UNDER,0.9444444444444444
1,2026-09-13,C.Wilson,Caleb Wilson,TE,MIA,LV,False,receiving_yards,starter,27.0,0.26666666666666666,0.7333333333333334,UNDER,0.7333333333333334
1,2026-09-13,C.Wilson,Caleb Wilson,TE,MIA,LV,False,receiving_tds,starter,0.0,0.9666666666666667,0.033333333333333326,OVER,0.9666666666666667
1,2026-09-13,C.Wilson,Caleb Wilson,TE,MIA,LV,False,receptions,starter,3.5,0.06666666666666667,0.9333333333333333,UNDER,0.9333333333333333
1,2026-09-13,D.Achane,De'Von Achane,RB,MIA,LV,False,rushing_yards,starter,24.0,0.021739130434782608,0.9782608695652174,UNDER,0.9782608695652174
1,2026-09-13,D.Achane,De'Von Achane,RB,MIA,LV,False,rushing_tds,starter,0.0,0.021739130434782608,0.9782608695652174,UNDER,0.9782608695652174
1,2026-09-13,D.Achane,De'Von Achane,RB,MIA,LV,False,receptions,starter,3.5,0.5,0.5,OVER,0.5
1,2026-09-13,J.McCarthy,J.J. McCarthy,QB,MIN,GB,True,passing_yards,starter,200.0,0.25,0.75,UNDER,0.75
1,2026-09-13,J.McCarthy,J.J. McCarthy,QB,MIN,GB,True,passing_tds,starter,0.5,0.5833333333333334,0.41666666666666663,OVER,0.5833333333333334
1,2026-09-13,M.Brosmer,Max Brosmer,QB,MIN,GB,True,passing_yards,starter,200.0,0.125,0.875,UNDER,0.875
1,2026-09-13,M.Brosmer,Max Brosmer,QB,MIN,GB,True,passing_tds,starter,0.5,0.125,0.875,UNDER,0.875
1,2026-09-13,A.Jones,Aaron Jones,RB,MIN,GB,True,rushing_yards,starter,24.0,0.8125,0.1875,OVER,0.8125
1,2026-09-13,A.Jones,Aaron Jones,RB,MIN,GB,True,rushing_tds,starter,0.0,0.96875,0.03125,OVER,0.96875
1,2026-09-13,A.Jones,Aaron Jones,RB,MIN,GB,True,receptions,starter,3.5,0.03125,0.96875,UNDER,0.96875
1,2026-09-13,J.Addison,Jordan Addison,WR,MIN,GB,True,receiving_yards,starter,27.0,0.125,0.875,UNDER,0.875
1,2026-09-13,J.Addison,Jordan Addison,WR,MIN,GB,True,receiving_tds,starter,0.0,0.125,0.875,UNDER,0.875
1,2026-09-13,J.Addison,Jordan Addison,WR,MIN,GB,True,receptions,starter,3.5,0.125,0.875,UNDER,0.875
1,2026-09-13,A.Jones,Aaron Jones,RB,MIN,GB,True,rushing_yards,starter,24.0,0.03125,0.96875,UNDER,0.96875
1,2026-09-13,A.Jones,Aaron Jones,RB,MIN,GB,True,rushing_tds,starter,0.0,0.03125,0.96875,UNDER,0.96875
1,2026-09-13,A.Jones,Aaron Jones,RB,MIN,GB,True,receptions,starter,3.5,0.25,0.75,UNDER,0.75
1,2026-09-13,B.Sims,Ben Sims,TE,MIN,GB,True,receiving_yards,starter,27.0,0.2,0.8,UNDER,0.8
1,2026-09-13,B.Sims,Ben Sims,TE,MIN,GB,True,receiving_tds,starter,0.0,0.8,0.19999999999999996,OVER,0.8
1,2026-09-13,B.Sims,Ben Sims,TE,MIN,GB,True,receptions,starter,3.5,0.2,0.8,UNDER,0.8
1,2026-09-13,B.Yurosek,Ben Yurosek,TE,MIN,GB,True,receiving_yards,starter,27.0,0.25,0.75,UNDER,0.75
1,2026-09-13,B.Yurosek,Ben Yurosek,TE,MIN,GB,True,receiving_tds,starter,0.0,0.75,0.25,OVER,0.75
1,2026-09-13,B.Yurosek,Ben Yurosek,TE,MIN,GB,True,receptions,starter,3.5,0.25,0.75,UNDER,0.75
1,2026-09-13,C.Tune,Clayton Tune,QB,GB,MIN,False,passing_yards,starter,200.0,0.25,0.75,UNDER,0.75
1,2026-09-13,C.Tune,Clayton Tune,QB,GB,MIN,False,passing_tds,starter,0.5,0.25,0.75,UNDER,0.75
1,2026-09-13,J.Love,Jordan Love,QB,GB,MIN,False,passing_yards,starter,200.0,0.5901639344262295,0.4098360655737705,OVER,0.5901639344262295
1,2026-09-13,J.Love,Jordan Love,QB,GB,MIN,False,passing_tds,starter,0.5,0.7540983606557377,0.24590163934426235,OVER,0.7540983606557377
1,2026-09-13,M.Willis,Malik Willis,QB,GB,MIN,False,passing_yards,starter,200.0,0.25,0.75,UNDER,0.75
1,2026-09-13,M.Willis,Malik Willis,QB,GB,MIN,False,passing_tds,starter,0.5,0.5833333333333334,0.41666666666666663,OVER,0.5833333333333334
1,2026-09-13,C.Tune,Clayton Tune,QB,GB,MIN,False,passing_yards,starter,200.0,0.25,0.75,UNDER,0.75
1,2026-09-13,C.Tune,Clayton Tune,QB,GB,MIN,False,passing_tds,starter,0.5,0.25,0.75,UNDER,0.75
1,2026-09-13,E.Wilson,Emanuel Wilson,RB,GB,MIN,False,rushing_yards,starter,24.0,0.38095238095238093,0.6190476190476191,UNDER,0.6190476190476191
1,2026-09-13,E.Wilson,Emanuel Wilson,RB,GB,MIN,False,rushing_tds,starter,0.0,0.9523809523809523,0.04761904761904767,OVER,0.9523809523809523
1,2026-09-13,E.Wilson,Emanuel Wilson,RB,GB,MIN,False,receptions,starter,3.5,0.047619047619047616,0.9523809523809523,UNDER,0.9523809523809523
1,2026-09-13,B.Melton,Bo Melton,WR,GB,MIN,False,receiving_yards,starter,27.0,0.3333333333333333,0.6666666666666667,UNDER,0.6666666666666667
1,2026-09-13,B.Melton,Bo Melton,WR,GB,MIN,False,receiving_tds,starter,0.0,0.9583333333333334,0.04166666666666663,OVER,0.9583333333333334
1,2026-09-13,B.Melton,Bo Melton,WR,GB,MIN,False,receptions,starter,3.5,0.16666666666666666,0.8333333333333334,UNDER,0.8333333333333334
1,2026-09-13,C.Watson,Christian Watson,WR,GB,MIN,False,receiving_yards,starter,27.0,0.6346153846153846,0.3653846153846154,OVER,0.6346153846153846
1,2026-09-13,C.Watson,Christian Watson,WR,GB,MIN,False,receiving_tds,starter,0.0,0.9807692307692307,0.019230769230769273,OVER,0.9807692307692307
1,2026-09-13,C.Watson,Christian Watson,WR,GB,MIN,False,receptions,starter,3.5,0.34615384615384615,0.6538461538461539,UNDER,0.6538461538461539
1,2026-09-13,J.Hurts,Jalen Hurts,QB,PHI,WAS,True,passing_yards,starter,200.0,0.5050505050505051,0.4949494949494949,OVER,0.5050505050505051
1,2026-09-13,J.Hurts,Jalen Hurts,QB,PHI,WAS,True,passing_tds,starter,0.5,0.696969696969697,0.303030303030303,OVER,0.696969696969697
1,2026-09-13,T.McKee,Tanner McKee,QB,PHI,WAS,True,passing_yards,starter,200.0,0.5,0.5,OVER,0.5
1,2026-09-13,T.McKee,Tanner McKee,QB,PHI,WAS,True,passing_tds,starter,0.5,0.6666666666666666,0.33333333333333337,OVER,0.6666666666666666
1,2026-09-13,D.Goedert,Dallas Goedert,TE,PHI,WAS,True,receiving_yards,starter,27.0,0.2,0.8,UNDER,0.8
1,2026-09-13,D.Goedert,Dallas Goedert,TE,PHI,WAS,True,receiving_tds,starter,0.0,0.2,0.8,UNDER,0.8
1,2026-09-13,D.Goedert,Dallas Goedert,TE,PHI,WAS,True,receptions,starter,3.5,0.2,0.8,UNDER,0.8
1,2026-09-13,J.Hurts,Jalen Hurts,QB,PHI,WAS,True,passing_yards,starter,200.0,0.00980392156862745,0.9901960784313726,UNDER,0.9901960784313726
1,2026-09-13,J.Hurts,Jalen Hurts,QB,PHI,WAS,True,passing_tds,starter,0.5,0.00980392156862745,0.9901960784313726,UNDER,0.9901960784313726
1,2026-09-13,S.Barkley,Saquon Barkley,RB,PHI,WAS,True,rushing_yards,starter,24.0,0.9487179487179487,0.05128205128205132,OVER,0.9487179487179487
1,2026-09-13,S.Barkley,Saquon Barkley,RB,PHI,WAS,True,rushing_tds,starter,0.0,0.9743589743589743,0.02564102564102566,OVER,0.9743589743589743
1,2026-09-13,S.Barkley,Saquon Barkley,RB,PHI,WAS,True,receptions,starter,3.5,0.02564102564102564,0.9743589743589743,UNDER,0.9743589743589743
1,2026-09-13,A.Brown,Ahmarean Brown,WR,PHI,WAS,True,receiving_yards,starter,27.0,0.8472222222222222,0.1527777777777778,OVER,0.8472222222222222
1,2026-09-13,A.Brown,Ahmarean Brown,WR,PHI,WAS,True,receiving_tds,starter,0.0,0.9861111111111112,0.01388888888888884,OVER,0.9861111111111112
1,2026-09-13,A.Brown,Ahmarean Brown,WR,PHI,WAS,True,receptions,starter,3.5,0.7777777777777778,0.2222222222222222,OVER,0.7777777777777778
1,2026-09-13,A.Dillon,AJ Dillon,RB,PHI,WAS,True,rushing_yards,starter,24.0,0.25,0.75,UNDER,0.75
1,2026-09-13,A.Dillon,AJ Dillon,RB,PHI,WAS,True,rushing_tds,starter,0.0,0.25,0.75,UNDER,0.75
1,2026-09-13,A.Dillon,AJ Dillon,RB,PHI,WAS,True,receptions,starter,3.5,0.25,0.75,UNDER,0.75
1,2026-09-13,B.Covey,Britain Covey,WR,PHI,WAS,True,receiving_yards,starter,27.0,0.25,0.75,UNDER,0.75
1,2026-09-13,B.Covey,Britain Covey,WR,PHI,WAS,True,receiving_tds,starter,0.0,0.875,0.125,OVER,0.875
1,2026-09-13,B.Covey,Britain Covey,WR,PHI,WAS,True,receptions,starter,3.5,0.25,0.75,UNDER,0.75
1,2026-09-13,M.Mariota,Marcus Mariota,QB,WAS,PHI,False,passing_yards,starter,200.0,0.5333333333333333,0.4666666666666667,OVER,0.5333333333333333
1,2026-09-13,M.Mariota,Marcus Mariota,QB,WAS,PHI,False,passing_tds,starter,0.5,0.6666666666666666,0.33333333333333337,OVER,0.6666666666666666
1,2026-09-13,T.Burks,Treylon Burks,WR,WAS,PHI,False,receiving_yards,starter,27.0,0.3333333333333333,0.6666666666666667,UNDER,0.6666666666666667
1,2026-09-13,T.Burks,Treylon Burks,WR,WAS,PHI,False,receiving_tds,starter,0.0,0.3333333333333333,0.6666666666666667,UNDER,0.6666666666666667
1,2026-09-13,T.Burks,Treylon Burks,WR,WAS,PHI,False,receptions,starter,3.5,0.3333333333333333,0.6666666666666667,UNDER,0.6666666666666667
1,2026-09-13,C.Rodriguez,Chris Rodriguez Jr.,RB,WAS,PHI,False,rushing_yards,starter,24.0,0.5714285714285714,0.4285714285714286,OVER,0.5714285714285714
1,2026-09-13,C.Rodriguez,Chris Rodriguez Jr.,RB,WAS,PHI,False,rushing_tds,starter,0.0,0.9642857142857143,0.0357142857142857,OVER,0.9642857142857143
1,2026-09-13,C.Rodriguez,Chris Rodriguez Jr.,RB,WAS,PHI,False,receptions,starter,3.5,0.03571428571428571,0.9642857142857143,UNDER,0.9642857142857143
1,2026-09-13,D.Samuel,Deebo Samuel Sr.,WR,WAS,PHI,False,receiving_yards,starter,27.0,0.08333333333333333,0.9166666666666666,UNDER,0.9166666666666666
1,2026-09-13,D.Samuel,Deebo Samuel Sr.,WR,WAS,PHI,False,receiving_tds,starter,0.0,0.08333333333333333,0.9166666666666666,UNDER,0.9166666666666666
1,2026-09-13,D.Samuel,Deebo Samuel Sr.,WR,WAS,PHI,False,receptions,starter,3.5,0.08333333333333333,0.9166666666666666,UNDER,0.9166666666666666
1,2026-09-13,J.Croskey-Merritt,Jacory Croskey-Merritt,RB,WAS,PHI,False,rushing_yards,starter,24.0,0.8421052631578947,0.1578947368421053,OVER,0.8421052631578947
1,2026-09-13,J.Croskey-Merritt,Jacory Croskey-Merritt,RB,WAS,PHI,False,rushing_tds,starter,0.0,0.9473684210526315,0.052631578947368474,OVER,0.9473684210526315
1,2026-09-13,J.Croskey-Merritt,Jacory Croskey-Merritt,RB,WAS,PHI,False,receptions,starter,3.5,0.05263157894736842,0.9473684210526316,UNDER,0.9473684210526316
1,2026-09-13,B.Sinnott,Ben Sinnott,TE,WAS,PHI,False,receiving_yards,starter,27.0,0.2,0.8,UNDER,0.8
1,2026-09-13,B.Sinnott,Ben Sinnott,TE,WAS,PHI,False,receiving_tds,starter,0.0,0.9333333333333333,0.06666666666666665,OVER,0.9333333333333333
1,2026-09-13,B.Sinnott,Ben Sinnott,TE,WAS,PHI,False,receptions,starter,3.5,0.06666666666666667,0.9333333333333333,UNDER,0.9333333333333333
1,2026-09-13,C.Rodriguez,Chris Rodriguez Jr.,RB,WAS,PHI,False,rushing_yards,starter,24.0,0.1111111111111111,0.8888888888888888,UNDER,0.8888888888888888
1,2026-09-13,C.Rodriguez,Chris Rodriguez Jr.,RB,WAS,PHI,False,rushing_tds,starter,0.0,0.1111111111111111,0.8888888888888888,UNDER,0.8888888888888888
1,2026-09-13,C.Rodriguez,Chris Rodriguez Jr.,RB,WAS,PHI,False,receptions,starter,3.5,0.1111111111111111,0.8888888888888888,UNDER,0.8888888888888888
1,2026-09-13,D.Singletary,Devin Singletary,RB,NYG,DAL,True,rushing_yards,starter,24.0,0.3333333333333333,0.6666666666666667,UNDER,0.6666666666666667
1,2026-09-13,D.Singletary,Devin Singletary,RB,NYG,DAL,True,rushing_tds,starter,0.0,0.3333333333333333,0.6666666666666667,UNDER,0.6666666666666667
1,2026-09-13,D.Singletary,Devin Singletary,RB,NYG,DAL,True,receptions,starter,3.5,0.3333333333333333,0.6666666666666667,UNDER,0.6666666666666667
1,2026-09-13,G.Olszewski,Gunner Olszewski,WR,NYG,DAL,True,receiving_yards,starter,27.0,0.25,0.75,UNDER,0.75
1,2026-09-13,G.Olszewski,Gunner Olszewski,WR,NYG,DAL,True,receiving_tds,starter,0.0,0.25,0.75,UNDER,0.75
1,2026-09-13,G.Olszewski,Gunner Olszewski,WR,NYG,DAL,True,receptions,starter,3.5,0.25,0.75,UNDER,0.75
1,2026-09-13,J.Dart,Jaxson Dart,QB,NYG,DAL,True,passing_yards,starter,200.0,0.5,0.5,OVER,0.5
1,2026-09-13,J.Dart,Jaxson Dart,QB,NYG,DAL,True,passing_tds,starter,0.5,0.7142857142857143,0.2857142857142857,OVER,0.7142857142857143
1,2026-09-13,D.Singletary,Devin Singletary,RB,NYG,DAL,True,rushing_yards,starter,24.0,0.47058823529411764,0.5294117647058824,UNDER,0.5294117647058824
1,2026-09-13,D.Singletary,Devin Singletary,RB,NYG,DAL,True,rushing_tds,starter,0.0,0.9705882352941176,0.02941176470588236,OVER,0.9705882352941176
1,2026-09-13,D.Singletary,Devin Singletary,RB,NYG,DAL,True,receptions,starter,3.5,0.029411764705882353,0.9705882352941176,UNDER,0.9705882352941176
1,2026-09-13,J.Dart,Jaxson Dart,QB,NYG,DAL,True,passing_yards,starter,200.0,0.0625,0.9375,UNDER,0.9375
1,2026-09-13,J.Dart,Jaxson Dart,QB,NYG,DAL,True,passing_tds,starter,0.5,0.0625,0.9375,UNDER,0.9375
1,2026-09-13,T.Tracy,Tyrone Tracy Jr.,RB,NYG,DAL,True,rushing_yards,starter,24.0,0.7352941176470589,0.2647058823529411,OVER,0.7352941176470589
1,2026-09-13,T.Tracy,Tyrone Tracy Jr.,RB,NYG,DAL,True,rushing_tds,starter,0.0,0.9705882352941176,0.02941176470588236,OVER,0.9705882352941176
1,2026-09-13,T.Tracy,Tyrone Tracy Jr.,RB,NYG,DAL,True,receptions,starter,3.5,0.029411764705882353,0.9705882352941176,UNDER,0.9705882352941176
1,2026-09-13,C.Manhertz,Chris Manhertz,TE,NYG,DAL,True,receiving_yards,starter,27.0,0.125,0.875,UNDER,0.875
1,2026-09-13,C.Manhertz,Chris Manhertz,TE,NYG,DAL,True,receiving_tds,starter,0.0,0.875,0.125,OVER,0.875
1,2026-09-13,C.Manhertz,Chris Manhertz,TE,NYG,DAL,True,receptions,starter,3.5,0.125,0.875,UNDER,0.875
1,2026-09-13,D.Bellinger,Daniel Bellinger,TE,NYG,DAL,True,receiving_yards,starter,27.0,0.3404255319148936,0.6595744680851063,UNDER,0.6595744680851063
1,2026-09-13,D.Bellinger,Daniel Bellinger,TE,NYG,DAL,True,receiving_tds,starter,0.0,0.9787234042553191,0.021276595744680882,OVER,0.9787234042553191
1,2026-09-13,D.Bellinger,Daniel Bellinger,TE,NYG,DAL,True,receptions,starter,3.5,0.1702127659574468,0.8297872340425532,UNDER,0.8297872340425532
1,2026-09-13,D.Singletary,Devin Singletary,RB,NYG,DAL,True,rushing_yards,starter,24.0,0.041666666666666664,0.9583333333333334,UNDER,0.9583333333333334
1,2026-09-13,D.Singletary,Devin Singletary,RB,NYG,DAL,True,rushing_tds,starter,0.0,0.041666666666666664,0.9583333333333334,UNDER,0.9583333333333334
1,2026-09-13,D.Singletary,Devin Singletary,RB,NYG,DAL,True,receptions,starter,3.5,0.16666666666666666,0.8333333333333334,UNDER,0.8333333333333334
1,2026-09-13,D.Prescott,Dak Prescott,QB,DAL,NYG,False,passing_yards,starter,200.0,0.8024691358024691,0.19753086419753085,OVER,0.8024691358024691
1,2026-09-13,D.Prescott,Dak Prescott,QB,DAL,NYG,False,passing_tds,starter,0.5,0.8518518518518519,0.14814814814814814,OVER,0.8518518518518519
1,2026-09-13,J.Milton,Joe Milton III,QB,DAL,NYG,False,passing_yards,starter,200.0,0.16666666666666666,0.8333333333333334,UNDER,0.8333333333333334
1,2026-09-13,J.Milton,Joe Milton III,QB,DAL,NYG,False,passing_tds,starter,0.5,0.3333333333333333,0.6666666666666667,UNDER,0.6666666666666667
1,2026-09-13,D.Prescott,Dak Prescott,QB,DAL,NYG,False,passing_yards,starter,200.0,0.013333333333333334,0.9866666666666667,UNDER,0.9866666666666667
1,2026-09-13,D.Prescott,Dak Prescott,QB,DAL,NYG,False,passing_tds,starter,0.5,0.013333333333333334,0.9866666666666667,UNDER,0.9866666666666667
1,2026-09-13,H.Luepke,Hunter Luepke,RB,DAL,NYG,False,rushing_yards,starter,24.0,0.10526315789473684,0.8947368421052632,UNDER,0.8947368421052632
1,2026-09-13,H.Luepke,Hunter Luepke,RB,DAL,NYG,False,rushing_tds,starter,0.0,0.9473684210526315,0.052631578947368474,OVER,0.9473684210526315
1,2026-09-13,H.Luepke,Hunter Luepke,RB,DAL,NYG,False,receptions,starter,3.5,0.05263157894736842,0.9473684210526316,UNDER,0.9473684210526316
1,2026-09-13,J.Blue,Jaydon Blue,RB,DAL,NYG,False,rushing_yards,starter,24.0,0.5714285714285714,0.4285714285714286,OVER,0.5714285714285714
1,2026-09-13,J.Blue,Jaydon Blue,RB,DAL,NYG,False,rushing_tds,starter,0.0,0.8571428571428571,0.1428571428571429,OVER,0.8571428571428571
1,2026-09-13,J.Blue,Jaydon Blue,RB,DAL,NYG,False,receptions,starter,3.5,0.14285714285714285,0.8571428571428572,UNDER,0.8571428571428572
1,2026-09-13,B.Spann-Ford,Brevyn Spann-Ford,TE,DAL,NYG,False,receiving_yards,starter,27.0,0.2222222222222222,0.7777777777777778,UNDER,0.7777777777777778
1,2026-09-13,B.Spann-Ford,Brevyn Spann-Ford,TE,DAL,NYG,False,receiving_tds,starter,0.0,0.9444444444444444,0.05555555555555558,OVER,0.9444444444444444
1,2026-09-13,B.Spann-Ford,Brevyn Spann-Ford,TE,DAL,NYG,False,receptions,starter,3.5,0.1111111111111111,0.8888888888888888,UNDER,0.8888888888888888
1,2026-09-13,C.Lamb,CeeDee Lamb,WR,DAL,NYG,False,receiving_yards,starter,27.0,0.91,0.08999999999999997,OVER,0.91
1,2026-09-13,C.Lamb,CeeDee Lamb,WR,DAL,NYG,False,receiving_tds,starter,0.0,0.99,0.010000000000000009,OVER,0.99
1,2026-09-13,C.Lamb,CeeDee Lamb,WR,DAL,NYG,False,receptions,starter,3.5,0.86,0.14,OVER,0.86
1,2026-09-13,G.Pickens,George Pickens,WR,DAL,NYG,False,receiving_yards,starter,27.0,0.8947368421052632,0.10526315789473684,OVER,0.8947368421052632
1,2026-09-13,G.Pickens,George Pickens,WR,DAL,NYG,False,receiving_tds,starter,0.0,0.9473684210526315,0.052631578947368474,OVER,0.9473684210526315
1,2026-09-13,G.Pickens,George Pickens,WR,DAL,NYG,False,receptions,starter,3.5,0.7368421052631579,0.26315789473684215,OVER,0.7368421052631579
1,2026-09-14,C.Oladokun,Chris Oladokun,QB,KC,DEN,True,passing_yards,starter,200.0,0.16666666666666666,0.8333333333333334,UNDER,0.8333333333333334
1,2026-09-14,C.Oladokun,Chris Oladokun,QB,KC,DEN,True,passing_tds,starter,0.5,0.3333333333333333,0.6666666666666667,UNDER,0.6666666666666667
1,2026-09-14,G.Minshew,Gardner Minshew,QB,KC,DEN,True,passing_yards,starter,200.0,0.25,0.75,UNDER,0.75
1,2026-09-14,G.Minshew,Gardner Minshew,QB,KC,DEN,True,passing_tds,starter,0.5,0.25,0.75,UNDER,0.75
1,2026-09-14,S.Buechele,Shane Buechele,QB,KC,DEN,True,passing_yards,starter,200.0,0.3333333333333333,0.6666666666666667,UNDER,0.6666666666666667
1,2026-09-14,S.Buechele,Shane Buechele,QB,KC,DEN,True,passing_tds,starter,0.5,0.3333333333333333,0.6666666666666667,UNDER,0.6666666666666667
1,2026-09-14,C.Oladokun,Chris Oladokun,QB,KC,DEN,True,passing_yards,starter,200.0,0.16666666666666666,0.8333333333333334,UNDER,0.8333333333333334
1,2026-09-14,C.Oladokun,Chris Oladokun,QB,KC,DEN,True,passing_tds,starter,0.5,0.16666666666666666,0.8333333333333334,UNDER,0.8333333333333334
1,2026-09-14,D.Pierce,Dameon Pierce,RB,KC,DEN,True,rushing_yards,starter,24.0,0.3333333333333333,0.6666666666666667,UNDER,0.6666666666666667
1,2026-09-14,D.Pierce,Dameon Pierce,RB,KC,DEN,True,rushing_tds,starter,0.0,0.6666666666666666,0.33333333333333337,OVER,0.6666666666666666
1,2026-09-14,D.Pierce,Dameon Pierce,RB,KC,DEN,True,receptions,starter,3.5,0.3333333333333333,0.6666666666666667,UNDER,0.6666666666666667
1,2026-09-14,I.Pacheco,Isiah Pacheco,RB,KC,DEN,True,rushing_yards,starter,24.0,0.020833333333333332,0.9791666666666666,UNDER,0.9791666666666666
1,2026-09-14,I.Pacheco,Isiah Pacheco,RB,KC,DEN,True,rushing_tds,starter,0.0,0.020833333333333332,0.9791666666666666,UNDER,0.9791666666666666
1,2026-09-14,I.Pacheco,Isiah Pacheco,RB,KC,DEN,True,receptions,starter,3.5,0.25,0.75,UNDER,0.75
1,2026-09-14,J.Royals,Jalen Royals,WR,KC,DEN,True,receiving_yards,starter,27.0,0.3333333333333333,0.6666666666666667,UNDER,0.6666666666666667
1,2026-09-14,J.Royals,Jalen Royals,WR,KC,DEN,True,receiving_tds,starter,0.0,0.6666666666666666,0.33333333333333337,OVER,0.6666666666666666
1,2026-09-14,J.Royals,Jalen Royals,WR,KC,DEN,True,receptions,starter,3.5,0.3333333333333333,0.6666666666666667,UNDER,0.6666666666666667
1,2026-09-14,B.Nix,Bo Nix,QB,DEN,KC,False,passing_yards,starter,200.0,0.6578947368421053,0.3421052631578947,OVER,0.6578947368421053
1,2026-09-14,B.Nix,Bo Nix,QB,DEN,KC,False,passing_tds,starter,0.5,0.7631578947368421,0.23684210526315785,OVER,0.7631578947368421
1,2026-09-14,J.Stidham,Jarrett Stidham,QB,DEN,KC,False,passing_yards,starter,200.0,0.6,0.4,OVER,0.6
1,2026-09-14,J.Stidham,Jarrett Stidham,QB,DEN,KC,False,passing_tds,starter,0.5,0.8,0.19999999999999996,OVER,0.8
1,2026-09-14,A.Prentice,Adam Prentice,RB,DEN,KC,False,rushing_yards,starter,24.0,0.09090909090909091,0.9090909090909091,UNDER,0.9090909090909091
1,2026-09-14,A.Prentice,Adam Prentice,RB,DEN,KC,False,rushing_tds,starter,0.0,0.9090909090909091,0.09090909090909094,OVER,0.9090909090909091
1,2026-09-14,A.Prentice,Adam Prentice,RB,DEN,KC,False,receptions,starter,3.5,0.09090909090909091,0.9090909090909091,UNDER,0.9090909090909091
1,2026-09-14,B.Nix,Bo Nix,QB,DEN,KC,False,passing_yards,starter,200.0,0.02631578947368421,0.9736842105263158,UNDER,0.9736842105263158
1,2026-09-14,B.Nix,Bo Nix,QB,DEN,KC,False,passing_tds,starter,0.5,0.02631578947368421,0.9736842105263158,UNDER,0.9736842105263158
1,2026-09-14,J.McLaughlin,Jaleel McLaughlin,RB,DEN,KC,False,rushing_yards,starter,24.0,0.4666666666666667,0.5333333333333333,UNDER,0.5333333333333333
1,2026-09-14,J.McLaughlin,Jaleel McLaughlin,RB,DEN,KC,False,rushing_tds,starter,0.0,0.9777777777777777,0.022222222222222254,OVER,0.9777777777777777
1,2026-09-14,J.McLaughlin,Jaleel McLaughlin,RB,DEN,KC,False,receptions,starter,3.5,0.022222222222222223,0.9777777777777777,UNDER,0.9777777777777777
1,2026-09-14,A.Prentice,Adam Prentice,RB,DEN,KC,False,rushing_yards,starter,24.0,0.1111111111111111,0.8888888888888888,UNDER,0.8888888888888888
1,2026-09-14,A.Prentice,Adam Prentice,RB,DEN,KC,False,rushing_tds,starter,0.0,0.1111111111111111,0.8888888888888888,UNDER,0.8888888888888888
1,2026-09-14,A.Prentice,Adam Prentice,RB,DEN,KC,False,receptions,starter,3.5,0.1111111111111111,0.8888888888888888,UNDER,0.8888888888888888
1,2026-09-14,A.Trautman,Adam Trautman,TE,DEN,KC,False,receiving_yards,starter,27.0,0.1590909090909091,0.8409090909090909,UNDER,0.8409090909090909
1,2026-09-14,A.Trautman,Adam Trautman,TE,DEN,KC,False,receiving_tds,starter,0.0,0.9772727272727273,0.022727272727272707,OVER,0.9772727272727273
1,2026-09-14,A.Trautman,Adam Trautman,TE,DEN,KC,False,receptions,starter,3.5,0.09090909090909091,0.9090909090909091,UNDER,0.9090909090909091
