week,game_date,player_name,display_name,position,team,opponent,is_home,prop_type,line_type,line_value,prob_over,prob_under,recommendation,confidence,opponent_def_rank,avg_L3,avg_L5,avg_L10,trend,weather_adjusted,weather_conditions,injury_note
19,2026-01-11,N.Mullens,Nick Mullens,QB,JAX,BUF,True,passing_yards,starter,200.0,0.05,0.95,UNDER,0.95,3.0,13.666666666666666,110.0,152.0,➡️,True,"60°F, 10.9 mph wind",
19,2026-01-11,D.Dallas,DeeJay Dallas,RB,JAX,BUF,True,receptions,starter,3.5,0.0582238994538784,0.9417760968208312,UNDER,0.9417760968208312,2.0,1.0,0.8,0.8,➡️,True,"60°F, 10.9 mph wind",
19,2026-01-11,T.Bigsby,Tank Bigsby,RB,PHI,SF,True,receptions,starter,3.5,0.0609771348536014,0.9390228390693665,UNDER,0.9390228390693665,12.0,0.6666666666666666,0.6,0.8,➡️,True,"41°F, 10.5 mph wind",
19,2026-01-11,S.Barkley,Saquon Barkley,RB,PHI,SF,True,rushing_yards,star_rb,55.0,0.9334776401519777,0.0665223598480224,OVER,0.9334776401519777,3.0,110.66666666666669,82.0,80.5,🔥,True,"41°F, 10.5 mph wind",
19,2026-01-11,N.Mullens,Nick Mullens,QB,JAX,BUF,True,passing_tds,starter,0.5,0.0714847669005394,0.9285152554512024,UNDER,0.9285152554512024,3.0,0.0,0.6,0.8,➡️,True,"60°F, 10.9 mph wind",
19,2026-01-11,J.Hawes,Jackson Hawes,TE,BUF,JAX,False,receptions,starter,3.5,0.0825610235333442,0.9174389839172364,UNDER,0.9174389839172364,19.0,1.3333333333333333,1.4,1.3,➡️,True,"60°F, 10.9 mph wind",
19,2026-01-12,D.Ogunbowale,Dare Ogunbowale,RB,HOU,PIT,False,receptions,starter,3.5,0.0892771854996681,0.91072279214859,UNDER,0.91072279214859,26.0,1.6666666666666667,1.4,1.3,🔥,True,"33°F, 11.4 mph wind",
19,2026-01-11,T.Lance,Trey Lance,QB,LAC,NE,False,passing_yards,starter,200.0,0.0904807075858116,0.9095193147659302,UNDER,0.9095193147659302,6.0,30.0,67.0,99.1,➡️,True,"38°F, 5.6 mph wind",
19,2026-01-11,J.Dobbs,Joshua Dobbs,QB,NE,LAC,True,passing_yards,starter,200.0,0.0954665318131446,0.9045334458351136,UNDER,0.9045334458351136,10.0,14.0,80.6,129.8,➡️,True,"38°F, 5.6 mph wind",
19,2026-01-11,H.Haskins,Hassan Haskins,RB,LAC,NE,False,receptions,starter,3.5,0.1020543128252029,0.8979457020759583,UNDER,0.8979457020759583,1.0,0.6666666666666666,1.0,1.4,🔥,True,"38°F, 5.6 mph wind",
19,2026-01-11,T.Shavers,Tyrell Shavers,WR,BUF,JAX,False,receptions,starter,3.5,0.1036624461412429,0.8963375687599182,UNDER,0.8963375687599182,19.0,2.0,1.6,1.4,❄️,True,"60°F, 10.9 mph wind",
19,2026-01-12,D.Ogunbowale,Dare Ogunbowale,RB,HOU,PIT,False,rushing_yards,starter,24.0,0.1061526611447334,0.8938473463058472,UNDER,0.8938473463058472,31.0,1.3333333333333333,4.4,8.0,❄️,True,"33°F, 11.4 mph wind",
19,2026-01-11,T.Lance,Trey Lance,QB,LAC,NE,False,passing_tds,starter,0.5,0.1100346073508262,0.8899654150009155,UNDER,0.8899654150009155,6.0,0.0,0.0,0.2,➡️,True,"38°F, 5.6 mph wind",
19,2026-01-11,J.Mundt,Johnny Mundt,TE,JAX,BUF,True,receptions,starter,3.5,0.1162533611059188,0.8837466239929199,UNDER,0.8837466239929199,2.0,1.0,1.0,0.8,❄️,True,"60°F, 10.9 mph wind",
19,2026-01-11,W.Shipley,Will Shipley,RB,PHI,SF,True,receptions,starter,3.5,0.1168362200260162,0.8831638097763062,UNDER,0.8831638097763062,12.0,1.0,1.2,1.375,➡️,True,"41°F, 10.5 mph wind",
19,2026-01-11,K.Vidal,Kimani Vidal,RB,LAC,NE,False,receptions,starter,3.5,0.1182823404669761,0.8817176818847656,UNDER,0.8817176818847656,1.0,1.0,1.2,1.5,❄️,True,"38°F, 5.6 mph wind",
19,2026-01-11,M.Trubisky,Mitchell Trubisky,QB,BUF,JAX,False,passing_yards,starter,200.0,0.1193446144461631,0.8806554079055786,UNDER,0.8806554079055786,27.0,51.66666666666666,45.6,70.9,🔥,True,"60°F, 10.9 mph wind",
19,2026-01-12,N.Chubb,Nick Chubb,RB,HOU,PIT,False,receptions,starter,3.5,0.1199962273240089,0.8800037503242493,UNDER,0.8800037503242493,26.0,0.6666666666666666,1.0,1.2,❄️,True,"33°F, 11.4 mph wind",
19,2026-01-12,W.Marks,Woody Marks,RB,HOU,PIT,False,receptions,starter,3.5,0.1215986758470535,0.8784013390541077,UNDER,0.8784013390541077,26.0,1.3333333333333333,1.2,1.6,➡️,True,"33°F, 11.4 mph wind",
19,2026-01-12,W.Marks,Woody Marks,RB,HOU,PIT,False,rushing_yards,good_rb,40.0,0.8766635060310364,0.1233364939689636,OVER,0.8766635060310364,31.0,56.333333333333336,61.4,51.8,❄️,True,"33°F, 11.4 mph wind",
19,2026-01-11,G.Calcaterra,Grant Calcaterra,TE,PHI,SF,True,receptions,starter,3.5,0.1259912401437759,0.8740087747573853,UNDER,0.8740087747573853,12.0,1.0,1.0,1.1,🔥,True,"41°F, 10.5 mph wind",
19,2026-01-11,K.Granson,Kylen Granson,TE,PHI,SF,True,receptions,starter,3.5,0.1278793662786483,0.8721206188201904,UNDER,0.8721206188201904,12.0,1.0,1.4,1.3,➡️,True,"41°F, 10.5 mph wind",
19,2026-01-12,D.Mills,Davis Mills,QB,HOU,PIT,False,passing_yards,starter,200.0,0.1382935643196106,0.8617064356803894,UNDER,0.8617064356803894,30.0,239.66666666666663,175.8,109.7,➡️,True,"33°F, 11.4 mph wind",
19,2026-01-12,A.Thielen,Adam Thielen,WR,PIT,HOU,True,receptions,starter,3.5,0.1400563418865203,0.8599436283111572,UNDER,0.8599436283111572,14.0,2.0,1.4,1.2,➡️,True,"33°F, 11.4 mph wind",
19,2026-01-11,J.Cook,James Cook,RB,BUF,JAX,False,rushing_yards,elite_rb,75.0,0.8591185808181763,0.1408814191818237,OVER,0.8591185808181763,10.0,99.33333333333331,104.4,106.9,❄️,True,"60°F, 10.9 mph wind",
19,2026-01-11,G.Calcaterra,Grant Calcaterra,TE,PHI,SF,True,receiving_yards,starter,27.0,0.1458072066307068,0.8541927933692932,UNDER,0.8541927933692932,12.0,5.0,6.6,10.3,➡️,True,"41°F, 10.5 mph wind",
19,2026-01-11,J.Westover,Jack Westover,TE,NE,LAC,True,receptions,starter,3.5,0.1534693390130996,0.8465306758880615,UNDER,0.8465306758880615,11.0,0.0,0.0,0.0,➡️,True,"38°F, 5.6 mph wind",
19,2026-01-11,J.Hawes,Jackson Hawes,TE,BUF,JAX,False,receiving_yards,starter,27.0,0.1566157042980194,0.8433842658996582,UNDER,0.8433842658996582,19.0,12.666666666666666,14.8,15.3,➡️,True,"60°F, 10.9 mph wind",
19,2026-01-11,D.Dallas,DeeJay Dallas,RB,JAX,BUF,True,rushing_yards,starter,24.0,0.1687639206647873,0.8312360644340515,UNDER,0.8312360644340515,15.0,12.333333333333334,9.8,7.8,➡️,True,"60°F, 10.9 mph wind",
19,2026-01-11,W.Dissly,Will Dissly,TE,LAC,NE,False,receptions,starter,3.5,0.1688770502805709,0.8311229348182678,UNDER,0.8311229348182678,1.0,2.0,1.6,1.9,🔥,True,"38°F, 5.6 mph wind",
19,2026-01-11,J.Dobbs,Joshua Dobbs,QB,NE,LAC,True,passing_tds,starter,0.5,0.1827341020107269,0.8172658681869507,UNDER,0.8172658681869507,10.0,0.0,0.4,0.7,➡️,True,"38°F, 5.6 mph wind",
19,2026-01-12,M.Valdes-Scantling,Marquez Valdes-Scantling,WR,PIT,HOU,True,receptions,starter,3.5,0.1860522180795669,0.8139477968215942,UNDER,0.8139477968215942,14.0,0.6666666666666666,1.0,1.1,➡️,True,"33°F, 11.4 mph wind",
19,2026-01-11,J.Patterson,Jaret Patterson,RB,LAC,NE,False,receptions,starter,3.5,0.1865930557250976,0.8134069442749023,UNDER,0.8134069442749023,1.0,2.333333333333333,1.6,1.4285714285714286,➡️,True,"38°F, 5.6 mph wind",
19,2026-01-11,J.Westover,Jack Westover,TE,NE,LAC,True,receiving_yards,starter,27.0,0.1868260204792022,0.8131740093231201,UNDER,0.8131740093231201,11.0,0.0,0.0,0.0,➡️,True,"38°F, 5.6 mph wind",
19,2026-01-11,G.Kittle,George Kittle,TE,SF,PHI,False,receiving_yards,star_wr,50.0,0.8093428015708923,0.1906571984291076,OVER,0.8093428015708923,10.0,90.0,83.0,59.9,➡️,True,"41°F, 10.5 mph wind",
19,2026-01-12,A.Thielen,Adam Thielen,WR,PIT,HOU,True,receiving_yards,starter,27.0,0.1933435797691345,0.8066564202308655,UNDER,0.8066564202308655,14.0,20.0,13.2,10.3,➡️,True,"33°F, 11.4 mph wind",
19,2026-01-11,G.Kittle,George Kittle,TE,SF,PHI,False,receptions,star_wr,5.5,0.8045868277549744,0.1954131722450256,OVER,0.8045868277549744,10.0,6.333333333333333,6.2,5.2,🔥,True,"41°F, 10.5 mph wind",
19,2026-01-11,D.Brown,Da'Ron Brown,WR,JAX,BUF,True,receptions,starter,3.5,0.2,0.8,UNDER,0.8,2.0,1.0,1.4,2.2,❄️,True,"60°F, 10.9 mph wind",⚠️ Feb 9 injury (Questionable)
19,2026-01-11,D.Brown,Da'Ron Brown,WR,JAX,BUF,True,receiving_tds,anytime,0.5,0.2,0.8,UNDER,0.8,2.0,0.0,0.0,0.1,➡️,True,"60°F, 10.9 mph wind",⚠️ Feb 9 injury (Questionable)
19,2026-01-11,R.Pearsall,Ricky Pearsall,WR,SF,PHI,False,receiving_tds,anytime,0.5,0.2,0.8,UNDER,0.8,10.0,0.0,0.0,0.2,➡️,True,"41°F, 10.5 mph wind",⚠️ Jan 11 injury (Questionable)
19,2026-01-11,K.Boutte,Kayshon Boutte,WR,NE,LAC,True,receiving_tds,anytime,0.5,0.2,0.8,UNDER,0.8,11.0,0.3333333333333333,0.2,0.5,❄️,True,"38°F, 5.6 mph wind",⚠️ Jan 11 injury (Questionable)
19,2026-01-11,K.Boutte,Kayshon Boutte,WR,NE,LAC,True,receptions,starter,3.5,0.2,0.8,UNDER,0.8,11.0,2.0,1.6,2.2,❄️,True,"38°F, 5.6 mph wind",⚠️ Jan 11 injury (Questionable)
19,2026-01-11,T.Etienne,Travis Etienne,RB,JAX,BUF,True,rushing_yards,good_rb,40.0,0.7915867567062378,0.2084132432937622,OVER,0.7915867567062378,15.0,52.66666666666666,52.0,60.5,➡️,True,"60°F, 10.9 mph wind",
19,2026-01-12,D.Metcalf,DK Metcalf,WR,PIT,HOU,True,receiving_yards,good_wr,35.0,0.7824918031692505,0.2175081968307495,OVER,0.7824918031692505,14.0,78.33333333333333,61.2,54.7,🔥,True,"33°F, 11.4 mph wind",
19,2026-01-11,J.Mundt,Johnny Mundt,TE,JAX,BUF,True,receiving_yards,starter,27.0,0.2190368324518203,0.7809631824493408,UNDER,0.7809631824493408,2.0,12.333333333333334,13.4,9.5,❄️,True,"60°F, 10.9 mph wind",
19,2026-01-11,K.Shakir,Khalil Shakir,WR,BUF,JAX,False,receptions,starter,3.5,0.7787950038909912,0.2212049961090088,OVER,0.7787950038909912,19.0,3.6666666666666665,4.0,4.4,🔥,True,"60°F, 10.9 mph wind",
19,2026-01-11,A.Hooper,Austin Hooper,TE,NE,LAC,True,receptions,starter,3.5,0.2214437872171402,0.778556227684021,UNDER,0.778556227684021,11.0,2.333333333333333,1.6,1.6,🔥,True,"38°F, 5.6 mph wind",
19,2026-01-11,L.McConkey,Ladd McConkey,WR,LAC,NE,False,receptions,starter,3.5,0.777765691280365,0.222234308719635,OVER,0.777765691280365,1.0,2.333333333333333,2.8,4.4,➡️,True,"38°F, 5.6 mph wind",
19,2026-01-11,J.Meyers,Jakobi Meyers,WR,JAX,BUF,True,receptions,good_wr,4.5,0.7766208052635193,0.2233791947364807,OVER,0.7766208052635193,2.0,5.0,5.0,4.5,➡️,True,"60°F, 10.9 mph wind",
19,2026-01-12,J.Noel,Jaylin Noel,WR,HOU,PIT,False,receptions,starter,3.5,0.2288484871387481,0.7711515426635742,UNDER,0.7711515426635742,26.0,1.6666666666666667,1.4,2.3,🔥,True,"33°F, 11.4 mph wind",
19,2026-01-11,B.Cooks,Brandin Cooks,WR,BUF,JAX,False,receiving_tds,anytime,0.5,0.2288874983787536,0.7711125016212463,UNDER,0.7711125016212463,19.0,0.0,0.0,0.0,➡️,True,"60°F, 10.9 mph wind",
19,2026-01-12,D.Schultz,Dalton Schultz,TE,HOU,PIT,False,receptions,good_wr,4.5,0.769361674785614,0.230638325214386,OVER,0.769361674785614,26.0,5.333333333333333,5.2,4.8,❄️,True,"33°F, 11.4 mph wind",
19,2026-01-11,G.Calcaterra,Grant Calcaterra,TE,PHI,SF,True,receiving_tds,anytime,0.5,0.2341341823339462,0.7658658027648926,UNDER,0.7658658027648926,12.0,0.0,0.0,0.0,➡️,True,"41°F, 10.5 mph wind",
19,2026-01-11,B.Cooks,Brandin Cooks,WR,BUF,JAX,False,receptions,starter,3.5,0.2351252883672714,0.7648746967315674,UNDER,0.7648746967315674,19.0,0.3333333333333333,1.2,1.5,➡️,True,"60°F, 10.9 mph wind",
19,2026-01-11,B.Cooks,Brandin Cooks,WR,BUF,JAX,False,receiving_yards,starter,27.0,0.2369949221611023,0.7630050778388977,UNDER,0.7630050778388977,19.0,4.333333333333333,10.2,12.6,➡️,True,"60°F, 10.9 mph wind",
19,2026-01-11,W.Shipley,Will Shipley,RB,PHI,SF,True,rushing_yards,starter,24.0,0.2380208224058151,0.7619791626930237,UNDER,0.7619791626930237,3.0,7.0,9.4,19.1,❄️,True,"41°F, 10.5 mph wind",
19,2026-01-11,W.Dissly,Will Dissly,TE,LAC,NE,False,receiving_yards,starter,27.0,0.2381456196308136,0.7618544101715088,UNDER,0.7618544101715088,1.0,16.0,13.2,17.0,🔥,True,"38°F, 5.6 mph wind",
19,2026-01-11,S.Diggs,Stefon Diggs,WR,NE,LAC,True,receptions,good_wr,4.5,0.7607870101928711,0.2392129898071289,OVER,0.7607870101928711,11.0,6.0,4.6,5.0,🔥,True,"38°F, 5.6 mph wind",
19,2026-01-12,C.Stover,Cade Stover,TE,HOU,PIT,False,receiving_yards,starter,27.0,0.241314485669136,0.7586855292320251,UNDER,0.7586855292320251,26.0,15.0,13.4,12.6,➡️,True,"33°F, 11.4 mph wind",
19,2026-01-11,K.Granson,Kylen Granson,TE,PHI,SF,True,receiving_yards,starter,27.0,0.2459862679243087,0.75401371717453,UNDER,0.75401371717453,12.0,3.333333333333333,10.2,11.7,➡️,True,"41°F, 10.5 mph wind",
19,2026-01-11,B.Purdy,Brock Purdy,QB,SF,PHI,False,passing_yards,good_qb,225.0,0.753486692905426,0.2465133070945739,OVER,0.753486692905426,8.0,297.6666666666667,250.8,273.0,➡️,True,"41°F, 10.5 mph wind",
19,2026-01-11,J.Patterson,Jaret Patterson,RB,LAC,NE,False,rushing_tds,anytime,0.5,0.2465625,0.7534375,UNDER,0.7534375,12.0,0.3333333333333333,0.2,0.3,➡️,True,"38°F, 5.6 mph wind",
19,2026-01-11,K.Vidal,Kimani Vidal,RB,LAC,NE,False,rushing_tds,anytime,0.5,0.2465625,0.7534375,UNDER,0.7534375,12.0,0.0,0.2,0.3,❄️,True,"38°F, 5.6 mph wind",
19,2026-01-11,H.Haskins,Hassan Haskins,RB,LAC,NE,False,rushing_tds,anytime,0.5,0.2465625,0.7534375,UNDER,0.7534375,12.0,0.0,0.0,0.1,➡️,True,"38°F, 5.6 mph wind",
19,2026-01-11,D.Douglas,DeMario Douglas,WR,NE,LAC,True,receptions,starter,3.5,0.247014045715332,0.752985954284668,UNDER,0.752985954284668,11.0,1.6666666666666667,1.8,2.2,❄️,True,"38°F, 5.6 mph wind",
19,2026-01-11,D.Dallas,DeeJay Dallas,RB,JAX,BUF,True,rushing_tds,anytime,0.5,0.25,0.75,UNDER,0.75,15.0,0.0,0.0,0.0,➡️,True,"60°F, 10.9 mph wind",
19,2026-01-11,J.Mundt,Johnny Mundt,TE,JAX,BUF,True,receiving_tds,anytime,0.5,0.25,0.75,UNDER,0.75,2.0,0.0,0.0,0.0,➡️,True,"60°F, 10.9 mph wind",
19,2026-01-12,X.Hutchinson,Xavier Hutchinson,WR,HOU,PIT,False,receiving_tds,anytime,0.5,0.25,0.75,UNDER,0.75,26.0,0.0,0.0,0.3,➡️,True,"33°F, 11.4 mph wind",
19,2026-01-12,X.Hutchinson,Xavier Hutchinson,WR,HOU,PIT,False,receiving_yards,starter,27.0,0.25,0.75,UNDER,0.75,26.0,13.666666666666666,16.0,25.2,🔥,True,"33°F, 11.4 mph wind",
19,2026-01-12,X.Hutchinson,Xavier Hutchinson,WR,HOU,PIT,False,receptions,starter,3.5,0.25,0.75,UNDER,0.75,26.0,1.3333333333333333,1.2,2.1,🔥,True,"33°F, 11.4 mph wind",
19,2026-01-12,W.Marks,Woody Marks,RB,HOU,PIT,False,rushing_tds,anytime,0.5,0.25,0.75,UNDER,0.75,31.0,0.0,0.0,0.1,➡️,True,"33°F, 11.4 mph wind",
19,2026-01-12,J.Noel,Jaylin Noel,WR,HOU,PIT,False,receiving_tds,anytime,0.5,0.25,0.75,UNDER,0.75,26.0,0.3333333333333333,0.2,0.2,➡️,True,"33°F, 11.4 mph wind",
19,2026-01-12,C.Kirk,Christian Kirk,WR,HOU,PIT,False,receiving_tds,anytime,0.5,0.25,0.75,UNDER,0.75,26.0,0.0,0.2,0.1,❄️,True,"33°F, 11.4 mph wind",
19,2026-01-12,P.Freiermuth,Pat Freiermuth,TE,PIT,HOU,True,receiving_tds,anytime,0.5,0.25,0.75,UNDER,0.75,14.0,0.0,0.2,0.4,❄️,True,"33°F, 11.4 mph wind",
19,2026-01-12,K.Gainwell,Kenneth Gainwell,RB,PIT,HOU,True,rushing_tds,anytime,0.5,0.25,0.75,UNDER,0.75,27.0,0.3333333333333333,0.2,0.1,❄️,True,"33°F, 11.4 mph wind",
19,2026-01-12,D.Metcalf,DK Metcalf,WR,PIT,HOU,True,receiving_tds,anytime,0.5,0.25,0.75,UNDER,0.75,14.0,0.3333333333333333,0.2,0.3,➡️,True,"33°F, 11.4 mph wind",
19,2026-01-12,M.Valdes-Scantling,Marquez Valdes-Scantling,WR,PIT,HOU,True,receiving_tds,anytime,0.5,0.25,0.75,UNDER,0.75,14.0,0.3333333333333333,0.2,0.1,➡️,True,"33°F, 11.4 mph wind",
19,2026-01-12,A.Thielen,Adam Thielen,WR,PIT,HOU,True,receiving_tds,anytime,0.5,0.25,0.75,UNDER,0.75,14.0,0.0,0.0,0.0,➡️,True,"33°F, 11.4 mph wind",
19,2026-01-12,C.Stover,Cade Stover,TE,HOU,PIT,False,receiving_tds,anytime,0.5,0.25,0.75,UNDER,0.75,26.0,0.0,0.0,0.1,➡️,True,"33°F, 11.4 mph wind",
19,2026-01-12,N.Chubb,Nick Chubb,RB,HOU,PIT,False,rushing_tds,anytime,0.5,0.25,0.75,UNDER,0.75,31.0,0.3333333333333333,0.2,0.2,❄️,True,"33°F, 11.4 mph wind",
19,2026-01-12,D.Ogunbowale,Dare Ogunbowale,RB,HOU,PIT,False,rushing_tds,anytime,0.5,0.25,0.75,UNDER,0.75,31.0,0.3333333333333333,0.2,0.1,❄️,True,"33°F, 11.4 mph wind",
19,2026-01-11,T.Shavers,Tyrell Shavers,WR,BUF,JAX,False,receiving_tds,anytime,0.5,0.25,0.75,UNDER,0.75,19.0,0.3333333333333333,0.2,0.2,❄️,True,"60°F, 10.9 mph wind",
19,2026-01-11,J.Hawes,Jackson Hawes,TE,BUF,JAX,False,receiving_tds,anytime,0.5,0.25,0.75,UNDER,0.75,19.0,0.3333333333333333,0.2,0.3,❄️,True,"60°F, 10.9 mph wind",
19,2026-01-11,D.Douglas,DeMario Douglas,WR,NE,LAC,True,receiving_tds,anytime,0.5,0.25,0.75,UNDER,0.75,11.0,0.0,0.0,0.2,➡️,True,"38°F, 5.6 mph wind",
19,2026-01-11,S.Diggs,Stefon Diggs,WR,NE,LAC,True,receiving_tds,anytime,0.5,0.25,0.75,UNDER,0.75,11.0,0.3333333333333333,0.2,0.4,➡️,True,"38°F, 5.6 mph wind",
19,2026-01-11,J.Westover,Jack Westover,TE,NE,LAC,True,receiving_tds,anytime,0.5,0.25,0.75,UNDER,0.75,11.0,0.0,0.0,0.0,➡️,True,"38°F, 5.6 mph wind",
19,2026-01-11,A.Hooper,Austin Hooper,TE,NE,LAC,True,receiving_tds,anytime,0.5,0.25,0.75,UNDER,0.75,11.0,0.3333333333333333,0.2,0.2,➡️,True,"38°F, 5.6 mph wind",
19,2026-01-11,W.Shipley,Will Shipley,RB,PHI,SF,True,rushing_tds,anytime,0.5,0.25,0.75,UNDER,0.75,3.0,0.0,0.0,0.1,➡️,True,"41°F, 10.5 mph wind",
19,2026-01-11,K.Bourne,Kendrick Bourne,WR,SF,PHI,False,receiving_tds,anytime,0.5,0.25,0.75,UNDER,0.75,10.0,0.0,0.0,0.0,➡️,True,"41°F, 10.5 mph wind",
19,2026-01-11,K.Bourne,Kendrick Bourne,WR,SF,PHI,False,receptions,starter,3.5,0.25,0.75,UNDER,0.75,10.0,2.0,1.4,2.9,🔥,True,"41°F, 10.5 mph wind",
19,2026-01-12,M.Valdes-Scantling,Marquez Valdes-Scantling,WR,PIT,HOU,True,receiving_yards,starter,27.0,0.25,0.75,UNDER,0.75,14.0,8.333333333333334,11.2,16.2,➡️,True,"33°F, 11.4 mph wind",
19,2026-01-11,S.Barkley,Saquon Barkley,RB,PHI,SF,True,receptions,starter,3.5,0.25,0.75,UNDER,0.75,12.0,0.6666666666666666,2.0,2.3,❄️,True,"41°F, 10.5 mph wind",
19,2026-01-11,T.McKee,Tanner McKee,QB,PHI,SF,True,passing_yards,starter,200.0,0.25,0.75,UNDER,0.75,4.0,118.66666666666669,118.66666666666669,118.66666666666669,➡️,True,"41°F, 10.5 mph wind",
19,2026-01-11,A.Dillon,AJ Dillon,RB,PHI,SF,True,rushing_tds,anytime,0.5,0.25,0.75,UNDER,0.75,3.0,0.0,0.0,0.1,➡️,True,"41°F, 10.5 mph wind",
19,2026-01-11,T.Bigsby,Tank Bigsby,RB,PHI,SF,True,rushing_tds,anytime,0.5,0.25,0.75,UNDER,0.75,3.0,0.3333333333333333,0.2,0.1,➡️,True,"41°F, 10.5 mph wind",
19,2026-01-11,B.Covey,Britain Covey,WR,PHI,SF,True,receiving_tds,anytime,0.5,0.25,0.75,UNDER,0.75,12.0,0.0,0.0,0.0,➡️,True,"41°F, 10.5 mph wind",
19,2026-01-11,B.Covey,Britain Covey,WR,PHI,SF,True,receiving_yards,starter,27.0,0.25,0.75,UNDER,0.75,12.0,11.333333333333334,15.2,15.2,❄️,True,"41°F, 10.5 mph wind",
19,2026-01-11,K.Shakir,Khalil Shakir,WR,BUF,JAX,False,receiving_tds,anytime,0.5,0.25,0.75,UNDER,0.75,19.0,0.3333333333333333,0.2,0.2,❄️,True,"60°F, 10.9 mph wind",
19,2026-01-11,K.Granson,Kylen Granson,TE,PHI,SF,True,receiving_tds,anytime,0.5,0.25,0.75,UNDER,0.75,12.0,0.0,0.0,0.0,➡️,True,"41°F, 10.5 mph wind",
19,2026-01-11,W.Dissly,Will Dissly,TE,LAC,NE,False,receiving_tds,anytime,0.5,0.25,0.75,UNDER,0.75,1.0,0.0,0.0,0.1,➡️,True,"38°F, 5.6 mph wind",
19,2026-01-11,H.Haskins,Hassan Haskins,RB,LAC,NE,False,rushing_yards,starter,24.0,0.25,0.75,UNDER,0.75,12.0,10.333333333333334,9.8,11.6,❄️,True,"38°F, 5.6 mph wind",
19,2026-01-11,L.McConkey,Ladd McConkey,WR,LAC,NE,False,receiving_yards,good_wr,35.0,0.7446765303611755,0.2553234696388244,OVER,0.7446765303611755,1.0,25.0,25.4,54.5,🔥,True,"38°F, 5.6 mph wind",
19,2026-01-11,J.Meyers,Jakobi Meyers,WR,JAX,BUF,True,receiving_yards,star_wr,50.0,0.7415062785148621,0.2584937214851379,OVER,0.7415062785148621,2.0,51.66666666666666,56.8,50.1,❄️,True,"60°F, 10.9 mph wind",
19,2026-01-11,D.Goedert,Dallas Goedert,TE,PHI,SF,True,receptions,starter,3.5,0.7394933700561523,0.2605066299438476,OVER,0.7394933700561523,12.0,5.666666666666667,4.2,4.2,➡️,True,"41°F, 10.5 mph wind",
19,2026-01-11,G.Kittle,George Kittle,TE,SF,PHI,False,receiving_tds,good_wr,0.5,0.7387598752975464,0.2612401247024536,OVER,0.7387598752975464,10.0,0.6666666666666666,0.8,0.7,➡️,True,"41°F, 10.5 mph wind",
19,2026-01-12,D.Metcalf,DK Metcalf,WR,PIT,HOU,True,receptions,starter,3.5,0.7369244694709778,0.2630755305290222,OVER,0.7369244694709778,14.0,4.333333333333333,4.6,4.0,➡️,True,"33°F, 11.4 mph wind",
19,2026-01-11,J.Cook,James Cook,RB,BUF,JAX,False,rushing_tds,good_rb,0.5,0.7350255250930786,0.2649744749069214,OVER,0.7350255250930786,10.0,1.3333333333333333,0.8,0.7,➡️,True,"60°F, 10.9 mph wind",
19,2026-01-12,K.Gainwell,Kenneth Gainwell,RB,PIT,HOU,True,receptions,good_wr,4.5,0.7267923951148987,0.2732076048851013,OVER,0.7267923951148987,14.0,6.0,5.2,4.3,➡️,True,"33°F, 11.4 mph wind",
19,2026-01-12,C.Stover,Cade Stover,TE,HOU,PIT,False,receptions,starter,3.5,0.2804349064826965,0.7195650935173035,UNDER,0.7195650935173035,26.0,2.333333333333333,2.2,2.0,➡️,True,"33°F, 11.4 mph wind",
19,2026-01-11,T.Etienne,Travis Etienne,RB,JAX,BUF,True,rushing_tds,anytime,0.5,0.7170373201370239,0.2829626798629761,OVER,0.7170373201370239,15.0,0.0,0.4,0.5,❄️,True,"60°F, 10.9 mph wind",
19,2026-01-11,T.Lawrence,Trevor Lawrence,QB,JAX,BUF,True,passing_tds,elite_qb,2.5,0.7087920308113098,0.2912079691886902,OVER,0.7087920308113098,3.0,2.6666666666666665,2.4,1.8,❄️,True,"60°F, 10.9 mph wind",
19,2026-01-11,A.Brown,Ahmarean Brown,WR,PHI,SF,True,receiving_yards,elite_wr,70.0,0.7023673057556152,0.2976326942443847,OVER,0.7023673057556152,12.0,78.66666666666667,95.6,78.4,❄️,True,"41°F, 10.5 mph wind",⚠️ Feb 9 injury (Questionable)
19,2026-01-11,K.Vidal,Kimani Vidal,RB,LAC,NE,False,rushing_yards,good_rb,40.0,0.7013258934020996,0.2986741065979004,OVER,0.7013258934020996,12.0,29.33333333333333,45.4,61.3,❄️,True,"38°F, 5.6 mph wind",
19,2026-01-11,S.Diggs,Stefon Diggs,WR,NE,LAC,True,receiving_yards,star_wr,50.0,0.7010164856910706,0.2989835143089294,OVER,0.7010164856910706,11.0,88.33333333333333,62.2,58.3,🔥,True,"38°F, 5.6 mph wind",
19,2026-01-11,K.Shakir,Khalil Shakir,WR,BUF,JAX,False,receiving_yards,starter,27.0,0.7004438042640686,0.2995561957359314,OVER,0.7004438042640686,19.0,38.333333333333336,39.4,41.6,🔥,True,"60°F, 10.9 mph wind",
19,2026-01-11,T.Lawrence,Trevor Lawrence,QB,JAX,BUF,True,passing_yards,star_qb,250.0,0.6969589591026306,0.3030410408973694,OVER,0.6969589591026306,3.0,290.6666666666667,269.0,242.8,➡️,True,"60°F, 10.9 mph wind",
19,2026-01-11,D.Brown,Da'Ron Brown,WR,JAX,BUF,True,receiving_yards,starter,27.0,0.3037429749965668,0.6962569952011108,UNDER,0.6962569952011108,2.0,8.333333333333334,17.6,26.1,❄️,True,"60°F, 10.9 mph wind",⚠️ Feb 9 injury (Questionable)
19,2026-01-11,S.Barkley,Saquon Barkley,RB,PHI,SF,True,rushing_tds,anytime,0.5,0.693683385848999,0.306316614151001,OVER,0.693683385848999,3.0,1.0,0.6,0.4,🔥,True,"41°F, 10.5 mph wind",
19,2026-01-11,A.Dillon,AJ Dillon,RB,PHI,SF,True,receptions,starter,3.5,0.3118613958358764,0.6881386041641235,UNDER,0.6881386041641235,12.0,1.6666666666666667,2.4,2.1,➡️,True,"41°F, 10.5 mph wind",
19,2026-01-11,B.Covey,Britain Covey,WR,PHI,SF,True,receptions,starter,3.5,0.3124903440475464,0.6875096559524536,UNDER,0.6875096559524536,12.0,2.333333333333333,2.2,2.2,❄️,True,"41°F, 10.5 mph wind",
19,2026-01-11,A.Brown,Ahmarean Brown,WR,PHI,SF,True,receptions,star_wr,5.5,0.6844313740730286,0.3155686259269714,OVER,0.6844313740730286,12.0,5.666666666666667,7.0,5.9,❄️,True,"41°F, 10.5 mph wind",⚠️ Feb 9 injury (Questionable)
19,2026-01-11,D.Goedert,Dallas Goedert,TE,PHI,SF,True,receiving_yards,starter,27.0,0.6838772892951965,0.3161227107048034,OVER,0.6838772892951965,12.0,60.0,45.4,45.0,➡️,True,"41°F, 10.5 mph wind",
19,2026-01-11,R.Stevenson,Rhamondre Stevenson,RB,NE,LAC,True,rushing_tds,good_rb,0.5,0.6743788123130798,0.3256211876869201,OVER,0.6743788123130798,29.0,0.6666666666666666,0.4,0.5,➡️,True,"38°F, 5.6 mph wind",
19,2026-01-11,O.Hampton,Omarion Hampton,RB,LAC,NE,False,rushing_yards,star_rb,55.0,0.6720359325408936,0.3279640674591064,OVER,0.6720359325408936,12.0,67.33333333333333,74.8,64.5,❄️,True,"38°F, 5.6 mph wind",⚠️ Jan 11 injury (Questionable)
19,2026-01-11,Q.Johnston,Quentin Johnston,WR,LAC,NE,False,receiving_yards,good_wr,35.0,0.6719182133674622,0.3280817866325378,OVER,0.6719182133674622,1.0,45.0,35.4,48.7,🔥,True,"38°F, 5.6 mph wind",
19,2026-01-11,J.Meyers,Jakobi Meyers,WR,JAX,BUF,True,receiving_tds,anytime,0.5,0.6700769066810608,0.3299230933189392,OVER,0.6700769066810608,2.0,0.0,0.4,0.3,❄️,True,"60°F, 10.9 mph wind",
19,2026-01-12,D.Schultz,Dalton Schultz,TE,HOU,PIT,False,receiving_tds,anytime,0.5,0.6616306900978088,0.3383693099021911,OVER,0.6616306900978088,26.0,0.6666666666666666,0.4,0.3,➡️,True,"33°F, 11.4 mph wind",
19,2026-01-11,D.Goedert,Dallas Goedert,TE,PHI,SF,True,receiving_tds,good_wr,0.5,0.6590490341186523,0.3409509658813476,OVER,0.6590490341186523,12.0,1.0,0.6,0.6,➡️,True,"41°F, 10.5 mph wind",
19,2026-01-12,J.Warren,Jaylen Warren,RB,PIT,HOU,True,rushing_yards,star_rb,55.0,0.6525027751922607,0.3474972248077392,OVER,0.6525027751922607,27.0,63.0,58.4,64.4,🔥,True,"33°F, 11.4 mph wind",⚠️ Jan 10 injury (Questionable)
19,2026-01-11,R.Stevenson,Rhamondre Stevenson,RB,NE,LAC,True,receptions,starter,3.5,0.3475291728973388,0.6524708271026611,UNDER,0.6524708271026611,11.0,3.333333333333333,2.8,2.0,🔥,True,"38°F, 5.6 mph wind",
19,2026-01-11,J.Cook,James Cook,RB,BUF,JAX,False,receptions,starter,3.5,0.3493590950965881,0.6506409049034119,UNDER,0.6506409049034119,19.0,1.6666666666666667,2.2,2.3,❄️,True,"60°F, 10.9 mph wind",
19,2026-01-12,K.Gainwell,Kenneth Gainwell,RB,PIT,HOU,True,rushing_yards,starter,24.0,0.646087110042572,0.353912889957428,OVER,0.646087110042572,27.0,48.333333333333336,51.4,34.7,🔥,True,"33°F, 11.4 mph wind",
19,2026-01-11,O.Hampton,Omarion Hampton,RB,LAC,NE,False,receptions,starter,3.5,0.3547791838645935,0.6452208161354065,UNDER,0.6452208161354065,1.0,1.3333333333333333,3.0,3.0,❄️,True,"38°F, 5.6 mph wind",⚠️ Jan 11 injury (Questionable)
19,2026-01-12,D.Schultz,Dalton Schultz,TE,HOU,PIT,False,receiving_yards,good_wr,35.0,0.6419258713722229,0.3580741286277771,OVER,0.6419258713722229,26.0,43.333333333333336,41.4,42.0,➡️,True,"33°F, 11.4 mph wind",
19,2026-01-11,H.Henry,Hunter Henry,TE,NE,LAC,True,receiving_yards,good_wr,35.0,0.6381849050521851,0.3618150949478149,OVER,0.6381849050521851,11.0,34.0,58.0,43.5,❄️,True,"38°F, 5.6 mph wind",
19,2026-01-11,B.Strange,Brenton Strange,TE,JAX,BUF,True,receiving_yards,good_wr,35.0,0.6369454264640808,0.3630545735359192,OVER,0.6369454264640808,2.0,39.66666666666666,38.2,42.9,🔥,True,"60°F, 10.9 mph wind",
19,2026-01-11,D.Kincaid,Dalton Kincaid,TE,BUF,JAX,False,receiving_yards,good_wr,35.0,0.6324124932289124,0.3675875067710876,OVER,0.6324124932289124,19.0,25.0,42.6,47.5,❄️,True,"60°F, 10.9 mph wind",
19,2026-01-11,D.Maye,Drake Maye,QB,NE,LAC,True,passing_yards,star_qb,250.0,0.6237595677375793,0.3762404322624206,OVER,0.6237595677375793,10.0,263.6666666666667,273.4,268.1,➡️,True,"38°F, 5.6 mph wind",
19,2026-01-11,M.Trubisky,Mitchell Trubisky,QB,BUF,JAX,False,passing_tds,starter,0.5,0.3784492015838623,0.6215507984161377,UNDER,0.6215507984161377,27.0,0.3333333333333333,0.4,0.5,🔥,True,"60°F, 10.9 mph wind",
19,2026-01-11,R.Pearsall,Ricky Pearsall,WR,SF,PHI,False,receiving_yards,good_wr,35.0,0.6191405057907104,0.3808594942092895,OVER,0.6191405057907104,10.0,38.66666666666666,32.4,65.3,🔥,True,"41°F, 10.5 mph wind",⚠️ Jan 11 injury (Questionable)
19,2026-01-11,H.Henry,Hunter Henry,TE,NE,LAC,True,receiving_tds,anytime,0.5,0.6174310445785522,0.3825689554214477,OVER,0.6174310445785522,11.0,0.6666666666666666,0.6,0.4,🔥,True,"38°F, 5.6 mph wind",
19,2026-01-11,A.Brown,Ahmarean Brown,WR,PHI,SF,True,receiving_tds,good_wr,0.5,0.614426851272583,0.385573148727417,OVER,0.614426851272583,12.0,0.3333333333333333,0.8,0.6,❄️,True,"41°F, 10.5 mph wind",⚠️ Feb 9 injury (Questionable)
19,2026-01-11,A.Hooper,Austin Hooper,TE,NE,LAC,True,receiving_yards,starter,27.0,0.3878364562988281,0.6121635437011719,UNDER,0.6121635437011719,11.0,28.0,20.8,21.0,➡️,True,"38°F, 5.6 mph wind",
19,2026-01-12,A.Rodgers,Aaron Rodgers,QB,PIT,HOU,True,passing_tds,starter,0.5,0.6116857528686523,0.3883142471313476,OVER,0.6116857528686523,19.0,1.3333333333333333,1.0,1.5,🔥,True,"33°F, 11.4 mph wind",
19,2026-01-11,R.Pearsall,Ricky Pearsall,WR,SF,PHI,False,receptions,starter,3.5,0.6116753220558167,0.3883246779441833,OVER,0.6116753220558167,10.0,3.333333333333333,3.0,4.5,🔥,True,"41°F, 10.5 mph wind",⚠️ Jan 11 injury (Questionable)
19,2026-01-11,B.Strange,Brenton Strange,TE,JAX,BUF,True,receptions,starter,3.5,0.6113449335098267,0.3886550664901733,OVER,0.6113449335098267,2.0,3.0,3.0,3.6,🔥,True,"60°F, 10.9 mph wind",
19,2026-01-12,D.Mills,Davis Mills,QB,HOU,PIT,False,passing_tds,starter,0.5,0.3919847905635834,0.6080151796340942,UNDER,0.6080151796340942,30.0,1.6666666666666667,1.0,0.5,🔥,True,"33°F, 11.4 mph wind",
19,2026-01-12,J.Noel,Jaylin Noel,WR,HOU,PIT,False,receiving_yards,starter,27.0,0.3925577104091644,0.6074422597885132,UNDER,0.6074422597885132,26.0,22.0,16.4,26.8,🔥,True,"33°F, 11.4 mph wind",
19,2026-01-11,Q.Johnston,Quentin Johnston,WR,LAC,NE,False,receptions,starter,3.5,0.6041664481163025,0.3958335518836975,OVER,0.6041664481163025,1.0,3.0,2.8,3.8,🔥,True,"38°F, 5.6 mph wind",
19,2026-01-11,J.Hurts,Jalen Hurts,QB,PHI,SF,True,passing_yards,starter,200.0,0.5955103039741516,0.4044896960258484,OVER,0.5955103039741516,4.0,200.0,223.8,222.5,❄️,True,"41°F, 10.5 mph wind",
19,2026-01-11,L.McConkey,Ladd McConkey,WR,LAC,NE,False,receiving_tds,anytime,0.5,0.594035267829895,0.405964732170105,OVER,0.594035267829895,1.0,0.3333333333333333,0.4,0.5,➡️,True,"38°F, 5.6 mph wind",
19,2026-01-11,K.Bourne,Kendrick Bourne,WR,SF,PHI,False,receiving_yards,starter,27.0,0.4238421022891998,0.5761579275131226,UNDER,0.5761579275131226,10.0,23.0,17.6,46.4,🔥,True,"41°F, 10.5 mph wind",
19,2026-01-11,D.Knox,Dawson Knox,TE,BUF,JAX,False,receiving_yards,starter,27.0,0.5746382474899292,0.4253617525100708,OVER,0.5746382474899292,19.0,25.666666666666668,39.6,32.0,❄️,True,"60°F, 10.9 mph wind",
19,2026-01-11,B.Strange,Brenton Strange,TE,JAX,BUF,True,receiving_tds,anytime,0.5,0.5707167983055115,0.4292832016944885,OVER,0.5707167983055115,2.0,0.3333333333333333,0.4,0.2,🔥,True,"60°F, 10.9 mph wind",
19,2026-01-11,Q.Johnston,Quentin Johnston,WR,LAC,NE,False,receiving_tds,good_wr,0.5,0.5690311789512634,0.4309688210487366,OVER,0.5690311789512634,1.0,0.6666666666666666,0.4,0.5,➡️,True,"38°F, 5.6 mph wind",
19,2026-01-12,C.Stroud,C.J. Stroud,QB,HOU,PIT,False,passing_tds,good_qb,1.5,0.5674607753753662,0.4325392246246338,OVER,0.5674607753753662,30.0,2.0,1.4,1.6,➡️,True,"33°F, 11.4 mph wind",
19,2026-01-11,J.Herbert,Justin Herbert,QB,LAC,NE,False,passing_yards,starter,200.0,0.5646947026252747,0.4353052973747253,OVER,0.5646947026252747,6.0,216.3333333333333,176.2,226.2,🔥,True,"38°F, 5.6 mph wind",
19,2026-01-12,J.Warren,Jaylen Warren,RB,PIT,HOU,True,rushing_tds,good_rb,0.5,0.5602324604988098,0.4397675395011902,OVER,0.5602324604988098,27.0,0.6666666666666666,0.8,0.6,➡️,True,"33°F, 11.4 mph wind",⚠️ Jan 10 injury (Questionable)
19,2026-01-11,H.Henry,Hunter Henry,TE,NE,LAC,True,receptions,starter,3.5,0.5591112971305847,0.4408887028694153,OVER,0.5591112971305847,11.0,3.333333333333333,4.2,3.5,➡️,True,"38°F, 5.6 mph wind",
19,2026-01-11,T.Shavers,Tyrell Shavers,WR,BUF,JAX,False,receiving_yards,starter,27.0,0.4448422491550445,0.5551577806472778,UNDER,0.5551577806472778,19.0,42.333333333333336,31.6,27.8,❄️,True,"60°F, 10.9 mph wind",
19,2026-01-11,J.Tonges,Jake Tonges,TE,SF,PHI,False,receptions,starter,3.5,0.5544077754020691,0.4455922245979309,OVER,0.5544077754020691,10.0,2.6666666666666665,3.6,3.0,❄️,True,"41°F, 10.5 mph wind",
19,2026-01-11,J.Herbert,Justin Herbert,QB,LAC,NE,False,passing_tds,good_qb,1.5,0.5508167743682861,0.4491832256317138,OVER,0.5508167743682861,6.0,1.3333333333333333,1.2,1.7,🔥,True,"38°F, 5.6 mph wind",
19,2026-01-11,O.Hampton,Omarion Hampton,RB,LAC,NE,False,rushing_tds,good_rb,0.5,0.550162672996521,0.449837327003479,OVER,0.550162672996521,12.0,0.3333333333333333,0.4,0.375,🔥,True,"38°F, 5.6 mph wind",⚠️ Jan 11 injury (Questionable)
